address	kind	name	type	comment
0045c980	function	vm_run	uint __fastcall (VmThread *thread)	Interpreter loop: fetch an opcode, call its handler, until one returns 0. Nonzero once the thread has finished
0045b8d0	function	vm_thread_start	VmThread * __fastcall (ushort *block, VmThread *thread, byte deferred, uint *frame, byte trigger)	Starts a thread on a block, allocating one when thread is null; runs it now unless deferred
0045b960	function	vm_thread_alloc	VmThread * __fastcall (void)	Returns a free thread, its stack pointer set
0045b990	function	vm_threads_reset	void __fastcall (void)	Frees every thread
0045ba30	function	vm_thread_run	void __fastcall (VmThread *thread)	Runs a thread until it yields or finishes, unless it is waiting for a later clock value
0045d140	function	vm_run_timers	void __fastcall (void)	Counts the timers down once per clock tick, starting the parts of those that fire
0045ce30	function	vm_install_commands	void __fastcall (void)	Installs the command catalogues and counts them
00452a80	function	catalogue_count	int __fastcall (VmFunction *catalogue)	Counts entries up to the first with no implementation
0045d8b0	function	vm_tag_component	void __fastcall (byte component, uint *slot)	Tags a stack slot with a component (push_component)
0045d890	function	vm_tags_clear	void __fastcall (void)	Empties the component tags; runs after every command
0045d950	function	vm_argument_component	byte __fastcall (uint index)	The component push_component named for the command's argument index, or 0xFF
0045baa0	function	part_run	void __fastcall (MissionPart *part)	Runs a part's block at once, on a new thread
0045d460	function	for_each_ship	void __fastcall (void *entity, uint *args, VmShipCommand *callback)	Runs a command's callback for each ship of a ship, flight group or squad record
004f6350	data	vm_dispatch_table	VmHandler *[86]	Opcode handler table
004f0f50	data	command_catalogue	VmFunction[96]	Executor commands, then an entry with no implementation
004f3ad0	data	command_catalogue_b	VmFunction	Second command catalogue; empty
004f6348	data	vm_threads	VmThread *	
00537590	data	vm_thread_pool	VmThread[32]	
004f6344	data	vm_timers	VmTimer *	
00537470	data	vm_timer_table	VmTimer[16]	
00537468	data	vm_timer_count	ushort	
00538c9c	data	vm_clock	uint	Seconds of mission time, which timers and waiting threads count by
00457c10	function	vm_clock_start	void __fastcall (void)	Zeroes vm_clock and starts the timer that advances it once a second
00458910	function	vm_clock_tick		Timer callback: advances vm_clock, unless the script debugger holds it or the game is paused
004a70f0	function	timer_start		Starts a periodic multimedia timer: 1000 / ECX milliseconds, clamped to what the device supports
00537570	data	vm_stack_top	uint *	Running thread's stack pointer
005373f0	data	vm_block_end	byte *	Running block's end, where its constants start (push_constant)
00537408	data	vm_store_target	uint *	Slot the last select_ opcode chose, for assign and the compound stores
00537578	data	vm_thread	VmThread *	Running thread
00537574	data	vm_finished	byte	Set by a return at call depth 0: the running thread is done
00537415	data	vm_thread_count	byte	Threads running
00537584	data	vm_command_flag	uint	Bit 0 of the command's mission flags, inverted, set before each command
00525f94	data	command_table	VmFunction *	Installed command catalogue
00525f98	data	command_count	ushort	
005267d4	data	command_table_b	VmFunction *	
00525fae	data	command_count_b	ushort	
00538c94	data	part_table	VmFunction *	Runtime parts, 256 entries
00538c98	data	part_table_b	VmFunction *	Runtime parts for script_b
004f6340	data	vm_component_tags	ComponentTag *	The components push_component named since the last command
00537420	data	vm_component_tag_list	ComponentTag[9]	
00451d90	function	mission_bind_sections	void * __fastcall (char *path)	Reads the mission file, binds each directory section to its pointer and count, resets the ships to their spawn places and makes the mission's tables
00452010	function	mission_ships_reset	void __fastcall (void)	Sets each mission ship's runtime position, yaw, pitch and roll to its spawn ones
00452100	function	mission_list_waypoints	void __fastcall (void)	Lists the waypoints (kind 0x3E5) in flight groups, a group at a time, in waypoints
00452db0	function	mission_resolve_objects	void __fastcall (void)	Fills object_records with the record each object table entry stands for
00452df0	function	mission_object_record	void * __fastcall (MissionObject *object)	The first ship, flight group or squad, by the entry's kind, whose object ID is the entry's
00452ec0	function	mission_list_group_ships	void __fastcall (void)	Lists each flight group's ships in flight_group_ships, setting the group's count and first place
00453050	function	mission_bind_tables	void __fastcall (void)	Makes the bound mission's tables: the part tables, the waypoints, the groups' ships, the object records and the trigger lists
0045a300	function	mission_file_read		Reads a mission file: the loose file where there is one, as it is, into a buffer of 0xFA000 bytes, or else the archive's member through hog_load
0045a3e0	function	file_read		Reads up to a count of bytes of a file into a buffer, ending them with 0x1A
0045a570	function	process_mission	void __fastcall (void)	Runs the mission's script for the frame: its timers and its threads
004ad6e0	function	file_exists	bool __fastcall (char *path)	Whether a file exists, through _access
004ef2f8	data	flight_group_ships	MissionShip **	Each flight group's ships, group after group
00525710	data	waypoints		The waypoints, a flight group and a ship each, grouped by flight group and ending with a pair of nulls
0052527e	data	waypoint_count	ushort	
00538c90	data	object_records	void **	The record each object table entry stands for, by object ID
00525f9a	data	mission_format_flags	byte	Set where any section has the first of the directory's four flags; nothing reads it
00525fa4	data	mission_format_flags_2	byte	The second flag, likewise
005267c6	data	mission_format_flags_3	byte	The third flag, likewise
005294e8	data	mission_format_flags_4	byte	The fourth flag, likewise
00529524	data	mission_image	void *	The bound mission's file, as mission_bind_sections read it
00587cdc	data	mission25_second_part	byte	Set once mission 25's first part is won: the next start plays mission251.dte
00452a20	function	mission_bind_section		Binds the next directory entry to a section's count and pointer, noting its format flags
0045cb40	function	mission_alloc_part_tables	void __fastcall (void)	Allocates the part tables, 256 entries each
0045cb80	function	mission_alloc_table		Frees and reallocates a table of count x size bytes
00452f50	function	mission_build_part_tables	void __fastcall (void)	Fills the runtime part tables from sections 8 and 17
00452fd0	function	mission_fill_part	void __fastcall (MissionPart *part, VmFunction *entry)	block = script + start * 2, arguments from the descriptor
00453020	function	part_in_table_b	uint __fastcall (MissionPart *part)	Whether a part descriptor lies outside section 8, in section 17
00525f3c	data	mission_operands_a		Section 1
005294f8	data	mission_globals	MissionGlobal *	Section 2
005267bc	data	mission_globals_count	ushort	
0052951c	data	mission_ships	MissionShip *	Section 3
00529504	data	mission_ships_count	ushort	
005267cc	data	mission_flight_groups	FlightGroup *	Section 4
005267c8	data	mission_flight_groups_count	ushort	
005294e0	data	mission_triggers	Trigger *	Section 5
00529506	data	mission_triggers_count	ushort	
00525f88	data	mission_script	byte *	Section 6, bytecode
005294f4	data	mission_script_halfwords	ushort	
005267c0	data	mission_objects	MissionObject *	Section 7, the object table, indexed by object ID
00525fac	data	mission_objects_count	ushort	
005267d0	data	mission_parts	MissionPart *	Section 8
00529518	data	mission_parts_count	ushort	
005294d8	data	mission_script_flags	byte *	Section 10, one flag per script byte
005294fc	data	mission_squads	Squad *	Section 12
005294f0	data	mission_squads_count	ushort	
00529500	data	mission_squad_members	SquadMember *	Section 13
00529520	data	mission_squad_members_count	ushort	
00525fb0	data	mission_curves	Curve *	Section 16: the mission's curves, 0x44 bytes each
005267c4	data	mission_curve_count	ushort	
005294ec	data	mission_parts_b	MissionPart *	Section 17
00529508	data	mission_parts_b_count	ushort	
00525fb4	data	mission_script_b	byte *	Section 18
00529510	data	mission_script_b_halfwords	ushort	
00525f9c	data	mission_command_flags	ushort *	Section 24, one per command
004529d0	function	mission_operand	void * __fastcall (ushort index, char bank)	Operand index of the table bank names: 0 section 1, 1 section 22, 2 section 26
00525278	data	mission_operands_b		Section 22, the second operand table
0052570c	data	mission_operands_c		Section 26, the third operand table
00525f18	data	mission_formations		Section 14, 8 bytes each: +4 is the first of the formation's points in section 15
005256b8	data	mission_formation_points		Section 15, 0x10 bytes each
00525f90	data	mission_command_flags_b	ushort *	Section 25, one per command_b entry
0045cbc0	function	mission_script_start	void __fastcall (void)	Installs conditions and commands, runs the start part, arms every trigger an object's slice holds
0045cea0	function	trigger_match	void __fastcall (ushort object, byte qualifier, Condition condition, uint *values, ushort count)	Fires the object's armed triggers whose condition, qualifier and operands match an event
0045d0d0	function	trigger_thread_running	bool __fastcall (Trigger *trigger)	Whether a thread the trigger started is still running, which keeps it from starting another
0045ce70	function	trigger_raise_event	void __fastcall (ushort object, byte qualifier, Condition condition, uint *values, ushort count)	Raises an event on an object, then resets condition_verdict
00453210	function	condition_raise		Asks the condition's handlers for a verdict, then raises the event on the flight group and the squads holding it
0045b7c0	function	event_post	void __fastcall (MissionShip *ship, byte qualifier, Condition condition, uint *values, byte count)	Queues an event on a ship, where one of the ship's own triggers would answer it (event_would_fire)
0045b690	function	event_post_group	void __fastcall (MissionShip *ship, Condition condition, byte count, uint *values, byte qualifier)	Queues an event on a ship, to be raised on its flight group and squads as well, where a trigger of the ship's, of its flight group's or of a squad's holding it would answer it
0045b840	function	events_flush	void __fastcall (void)	Raises every queued event, then empties the queue
0052abd8	data	event_queue		Events waiting for events_flush, 0x30 bytes each: QueuedEvent
005373e4	data	event_queue_count	uint	
0045a9b0	function	event_launched		Queues Launched for a live object's ship
0045a9e0	function	event_shot_at		Queues ShotAt: attacker, the victim's damage value twice, victim, and -1 for the weapon
0045aa60	function	event_destroyed		Queues Destroyed for a ship, or for one of its components, marking it destroyed
00404ee0	function	event_ship_reached		Raises ShipReached at once on a ship's object, with the ship given (trigger_raise_event)
0045ac60	function	mission_wings_build	void (void)	Lists each flight group whose byte at +0x08 names a wing, 0 to 2, in that wing's table, six slots each: its +0x09 ships from its first in the mission's ship list (+0x0C) take the slots from the first, each object getting the wing's number at +0x74C, and the slot after the last is set to -1
0045ac30	function	ship_object	GameObject * __fastcall (MissionShip *ship)	The live object of a mission ship
0045a970	function	object_ship	MissionShip * __fastcall (GameObject *object)	The mission ship of a live object, or null
0045ade0	function	object_component_index	uint __fastcall (GameObject *object, ModelNode *node)	A component's index among a live object's components, or 0xFF
00452cb0	function	ship_damage_value	int __fastcall (MissionShip *ship, byte component)	How much of its armour a ship has lost, in whole hundredths: its weakest quadrant's against six times its type's armour class, or a component's against what it starts with; 100 once any has run out
00452bb0	function	shot_at_group_begin		Zeroes the damage sums
00452bd0	function	shot_at_group_add		Adds a member's damage value to the sums
00452c00	function	shot_at_group_verdict		Replaces the event's damage values with the members' average; never vetoes
00452c40	function	destroyed_group_begin		Starts the verdict at true
00452c50	function	destroyed_group_add		Clears the verdict for a member, or its named component, not yet destroyed
00452ca0	function	destroyed_group_verdict		Returns the verdict
0045d800	function	cloak_group_add		Cloaked's and Decloaked's handler for each member: does nothing, so every event goes ahead
0045d810	function	trigger_check_operand	bool __fastcall (EventValue *value, uint *operand, uint event_value, Trigger *trigger)	Checks one trigger operand against the event's value: any ship passes the players' ships, a number of the proximity conditions is an upper bound, else the two must be equal
004530a0	function	trigger_operand_value	uint __fastcall (uint kinds, uint operand)	What an operand stands for: a number as it is, 0xFFFFFFFE for any of the players' ships, else the record a reference names
004530d0	function	reference_resolve	void * __fastcall (uint reference)	The record a reference names
00453190	function	reference_tag	uint __fastcall (uint reference)	Bits 16 to 23 of a reference
00453100	function	reference_tag_kind	ushort __fastcall (ushort tag)	The object kind a reference tag selects; a fatal error for any other tag
00453150	function	object_record	void * __fastcall (uint kind, uint index)	A ship's, flight group's or squad's record by index
0045a440	function	fatal_error		Reports an emergency and exits the game
004531a0	function	trigger_index	uint __fastcall (Trigger *trigger)	Index of a trigger record
00453070	function	squad_index	uint __fastcall (Squad *squad)	Index of a squad record, or 0xFFFF
00452aa0	function	ship_flight_group	FlightGroup * __fastcall (MissionShip *ship)	The flight group a ship names, or null
0045cb20	function	ship_in_flight_group	uint __fastcall (MissionShip *ship, FlightGroup *group)	in_flight_group
00452ac0	function	object_in_squad	uint __fastcall (Squad *squad, ushort *object, uint tag)	in_squad: whether an object is in a squad, following nested squads
004f6698	data	condition_descriptors	ConditionDescriptor[35]	The condition catalogue
0052952c	data	condition_table	ConditionDescriptor *	Installed condition catalogue
00525f8c	data	condition_count	ushort	
00525f84	data	condition_verdict	byte	The condition handlers' verdict; 1 unless they vetoed the event, set again after each event and by mission_script_start
0053757c	data	trigger_current	Trigger *	Trigger the matcher is testing
00538ca0	data	event_values	ObjectEvents *	Each object's last events, which push_event_value reads
0045a4e0	function	init_mission	void (void)	Readies a mission: the event queue emptied, and mission_initialised set; asserts no mission is initialised
0045a530	function	destroy_mission	void (void)	Ends a mission: mission_initialised cleared; asserts one is initialised
005373e8	data	mission_initialised	short	Set by init_mission, cleared by destroy_mission
0045b4e0	function	event_would_fire	bool __fastcall (ushort object, byte qualifier, Condition condition, uint *values, ushort count)	Whether an event on an object would fire any of its triggers, as trigger_match finds them, whatever their threads; keeps the event for the object and gives its values to a free thread's locals
0045b330	function	event_queue_room	void (void)	With a thousand events queued, lists them and stops with Trigger List exceeded
0045aad0	function	event_scooped	void __fastcall (GameObject *object, int slot)	Posts ObjectScooped with the groups for an object's ship: the ship of the object in slot taken aboard
0045ab10	function	event_ripper_grabbed	void __fastcall (GameObject *object, int slot)	Posts RipperGrabbedObject with the groups for an object's ship: the ship of the object in slot
0045ab90	function	event_ripper_dropped	void __fastcall (GameObject *object, int slot)	Posts RipperDroppedObject with the groups for an object's ship: the ship of the object in slot
0045abd0	function	event_fixed_gate_jumped_in	void __fastcall (GameObject *object, int slot)	Posts FixedGateJumpedIn with the groups for an object's ship: the ship of the object in slot
0045b300	function	event_jumped_in	void __fastcall (GameObject *object)	Posts JumpedIn with the groups for an object's ship, as Jump In ends: the ship itself
0045ac10	function	event_post_ship_reached	void __fastcall (MissionShip *ship, MissionShip *reached)	Posts ShipReached on a ship for its own triggers: the ship that came within reach
00451180	function	event_camera_reached	void __fastcall (MissionShip *ship)	Posts CameraReached on a ship, where there is one
0045af60	function	mission_proximity_check	void (void)	Once the script's clock has ticked, after the timers: the watches of CloseProximity, Proximity and ShipReached look for ships close by
0045b170	function	mission_proximity_scan	bool __fastcall (MissionShip *ship, GameObject *object, float reach, Condition condition)	Posts a ship's CloseProximity or Proximity, or its ShipReached, for each other mission ship within the square root of reach; the ship and how far, in the ship's radii
0045ae10	function	mission_watch_lists	void (void)	Makes the watch lists of CloseProximity, Proximity and ShipReached from the trigger list, as mission_bind_tables ends
0045ae40	function	mission_watch_list	void __fastcall (void *list, Condition condition)	Makes one condition's watch list: each trigger of it, the object entry whose slice holds it, and a flag set; a trigger of the player's ship watches the other players' ships too
0045b2b0	function	watch_list_arm	void __fastcall (void *list, Trigger *trigger, byte armed)	Sets the flag of each watch of a trigger in one watch list
0045b2d0	function	watch_lists_arm	void __fastcall (Trigger *trigger, byte armed)	Sets the flag of each watch of a trigger in the three watch lists
00536dd8	data	watch_close		CloseProximity's watch list: 12 bytes a watch, the trigger, the object entry whose slice holds it and a flag; a null trigger ends it
00536758	data	watch_proximity		Proximity's watch list, as watch_close
0052a5d0	data	watch_reached		ShipReached's watch list, as watch_close
00453530	function	trigger_owner	void * __fastcall (Trigger *trigger)	The first object entry whose slice holds a trigger, or null
00453610	function	object_entry_id	uint __fastcall (void *entry)	The object ID of an entry of the object table
00453200	function	record_object_id	uint __fastcall (void *record)	The object ID a ship's, flight group's or squad's record starts with
004533d0	function	condition_squad_add	void __fastcall (Squad *squad, ConditionDescriptor *condition, MissionShip *ship, uint *values, ushort *count)	A squad's members for a condition's handler for each member, counting them: a ship as the component its membership names, each ship of a flight group whole, and a squad's own members in turn
0045d390	function	trigger_set_armed	void __fastcall (Trigger *trigger, byte armed)	Arms or disarms a trigger; arming gives it its count again from +0x1A
0045d910	function	vm_tag_matches	bool __fastcall (byte component)	Whether push_component named the component for any argument of the running command; with no tag naming it, whether it is 0xFF, the object itself
0045d300	function	cmd_SetTriggerState		Arms or disarms the triggers of a condition in an entity's slice, of a component named or of the entity itself, and their watches
0045d3a0	function	cmd_SetAnyTriggerState		Arms or disarms the one trigger of a condition an argument numbers in an entity's slice, its count left as it stands, and its watches
005294e6	data	shot_at_shield_total	ushort	ShotAt's handlers' total of a group's damage values, for the shield damage
0052950a	data	shot_at_hull_total	ushort	ShotAt's handlers' total of a group's damage values, for the hull damage; always shot_at_shield_total
00525f7c	data	destroyed_group_all	byte	Destroyed's handlers' verdict: whether every member counted so far is destroyed
00545860	data	collision_retrying	byte	Set while objects_collide tests a ship against a hull again after a first hit, which holds back the ShotAt of object_damage and object_armor_damage
005373f4	data	vm_last_jump	uint	vm_clock when player_jump last took a jump or a warp, which cmd_WhenPlayerLastJumped counts from; 0xFFFF from mission_script_start
00466500	function	stats_load_ships	void __fastcall (void)	Reads shipstats.bin into ship_flight_stats and ship_combat_stats
004788f0	function	stats_load_guns	void __fastcall (void)	Reads gunstats.bin to the end of the file into gun_stats, the first record into type 1
00494bc0	function	stats_load_missiles	void __fastcall (void)	Reads missilestats.bin into missile_flight_stats and missile_stats
0049cae0	function	stats_load_pilots	void __fastcall (void)	Fills pilot_stats with defaults, then applies pilotstats.bin
00415430	function	player_spectral_shields_set	void __fastcall (bool on)	Turns the player's spectral shields on or off, when the ship carries them (spectral_shields_state not -1): object flag 0x8000000 and spectral_shields_state. Turning them on tunes them, into the object's +0x670, to the gun type most dangerous near the player: it counts the guns of each hostile ship within range, weights each type's count by its first damage value, and takes the highest, leaving out types 13 and 14
004f9e70	data	ship_flight_stats	FlightModel[256]	
004fc670	data	ship_combat_stats	ShipCombat[256]	
00500ca4	data	gun_stats	GunStats[16]	Every gun type's figures. Type 0 is no gun, so stats_load_guns fills types 1 to 15 from gunstats.bin; the first five words of each record are the executable's own
00500fa0	data	turret_steps	void *[4]	Each turret kind step, which object_step_turrets runs for a gun by its kind: none for a fixed gun, turret_aimed_step, turret_spin_step and turret_missile_step
005636e8	data	turret_tracking	int	Set around turret_aimed_track aim test and cleared after it; nothing reads it
00500f64	data	gun_flash_ticks	int[15]	How long a muzzle's flash lasts, by gun type less one, which bullet_fire sets on the part it fires from
00508700	data	gun_sound_periods	int[16]	The steps a firing gun of each type goes between the sounds of its shots. The player's shots are all heard
005035e8	data	missile_flight_stats	FlightModel[11]	
005037a0	data	missile_stats	MissileStats[11]	Every missile type's figures: the executable's own words and what stats_load_missiles reads of missilestats.bin
0058a968	data	pilot_stats	PilotStats[194]	
00441aa0	function	loadout_load		Preloads the loadout screen: stats, models, sounds
00444f20	function	loadout_draw_stats		Draws the stat rows the layout table describes
00426600	function	loadout_ship_bars_init		Sets the bar ranges from the listed ships, then computes every ship's bars
00426700	function	loadout_ship_widen_ranges		
00426790	function	loadout_ship_bars		
00426900	function	ease_in	float10 (int unused, float from, float to, float at)	From from to to by the square of at
00426920	function	ease_out	float10 (int unused, float from, float to, float at)	From from to to by the square root of at
00426950	function	ease_rise_fall	float10 (int falling, float from, float to, float at)	From from up to to and back over at from 0 to 1: by the square root of twice at over the first half and one less the square of twice the rest after; falling, the other way
0044b680	function	loadout_missile_bars_init		
0044b710	function	loadout_missile_widen_ranges		
0044b770	function	loadout_missile_bars		
004504c0	function	range_widen		Widens a {min, max} pair to include a value
004504f0	function	range_scale		Places a value within a {min, max} pair on n segments
004ec020	data	loadout_stat_layout		Eight 8-byte rows: label string ID, display kind
004e5470	data	loadout_alliance_ships		0x44 bytes per ship; ship index at +0x40
004e57a0	data	loadout_coalition_ships		
004ec278	data	loadout_ship_stats		Per-ship loadout values, 0x22C bytes apart
004c7e20	function	hog_open	void * __fastcall (char *path)	Opens a .HOG archive (bigfile.cpp): the file, a Win32 handle to it, and its header and directory read whole; null unless it starts BIGF
004c7f20	function	hog_close	void __fastcall (void *hog)	
004c7f60	function	hog_read_file	void * __fastcall (void *hog, char *name)	Reads a file from the archive, expanding RefPack: the name less an extension beginning ut, from its last backslash on; a missing one is fatal (HOG bigread2)
004c8110	function	hog_read_file_as_named	void * __fastcall (void *hog, char *name)	hog_read_file without shortening the name
004c81f0	function	hog_file_size	int __fastcall (void *hog, char *name)	A member's size, expanded for a RefPack one; 0 when missing
004c8370	function	hog_seek	int __fastcall (void *hog, char *name)	Finds a member by name, ignoring case, and seeks the archive's stream to it; its stored size, or 0 when missing
004c83f0	function	hog_locate	int __fastcall (void *hog, char *name)	Likewise, moving the archive's Win32 handle instead
004c8480	function	hog_unpack	void * __fastcall (void *hog, int size)	Reads a RefPack member at the stream and expands it, in place with 0x2800 bytes to spare, then copies it out
004c7df0	function	read_be32	uint __fastcall (void *bytes, int count)	The first count bytes as a big-endian number
004c5be0	function	hog_file_read	void * __fastcall (char *path, void *buffer)	Reads a loose file whole (hog_file.cpp)
004c5b90	function	hog_file_length	int __fastcall (char *path)	A loose file's length; 0 when it cannot be opened
005e830c	data	resource_hog	void *	resource.hog, opened by WinMain
0057bc48	data	speech_hog	void *	msspeech.hog, opened for the HUD
005e8308	data	hog_last_size	int	The size of the last file read
004c5bd0	function	hog_load		
00480d70	function	font_open		Wraps a loaded font and caches the widths of codes below 255
00481f80	function	sound_play	int __fastcall (void *bank, int index, int volume, int loops, int pan, int pitch)	Plays sound n of a bank on a voice: one finished past the first, else one stopped, else the lowest-priority one not held, if below the new sound's
004826a0	function	sound_start	void __fastcall (void *bank, int index, int volume, int pitch, int loops, int pan, int voice)	Hands Miles the WAVE file at bank + offset, at its rate moved by pitch quarter tones and its volume scaled by Fxvolume and Mastervolume
00565080	data	sound_voices	SoundVoice[16]	Voices, 0x20 bytes each
005d6ca0	data	bank_stdsmp		stdsmp.fat
00524748	data	bank_ldsmp		ldsmp.fat
0056654c	data	bank_betty		betty.fat: the cockpit's warnings
0058cb10	data	bank_smp3d		smp3d.fat
00507138	data	sound3d_eax_damping	float	EAX damping sound3d_init hands the 3D provider: 1
0058cb5c	data	sound3d_eax_effect_volume	float	EAX effect volume sound3d_init hands the 3D provider; never set, so 0
0058cb60	data	sound3d_eax_decay_time	float	EAX decay time sound3d_init hands the 3D provider; never set, so 0
00587ce0	data	game_objects	GameObject *[400]	The GO array: every live object, a mission ship's at its index among the ship records
005883fa	data	player_index	short	Slot of the player's own object in game_objects
00466ba0	function	object_number_parts	int __fastcall (GameObject *object, ModelNode *node, int number, int fill)	Numbers the part nodes (kind 1) from node down, depth first, into each node +0xFC, from number; with fill, puts each in the object part_nodes at +0x518 by its number. Returns the next number; create_object counts with it into +0x154, then fills
00466c10	function	create_object	uint __fastcall (int slot, uint type, int tier, float x, float y, float z)	Fills a slot of game_objects, the next for slot -1, with an object of a type at a place, and returns the slot: its fields, stats (another type's for a type that is that one under another number), side, model with its parts' startup tracks, pilot, shields and armour, guns and components; a type above 255 gets a stand-in
00475dd0	function	object_alloc	GameObject * __fastcall (uint type)	Allocates a live object of a type (gameobj.cpp)
00475ef0	function	object_free	void __fastcall (GameObject *object)	Frees a live object and what it owns
004688b0	function	object_reset	void __fastcall (int slot)	Replaces the object in a slot with a fresh stand-in of type 1001, flagged 0x3C, after popping its orders
00468760	function	object_collect_components	void __fastcall (GameObject *object, ModelNode *node)	Lists a node's children marked as components, then theirs, in the object's components
004991d0	function	node_alloc	ModelNode * __fastcall (uint kind, ModelNode *parent)	Allocates a model node (objects.cpp)
00499ee0	function	node_holder	ModelNode * __fastcall (ModelNode *node)	The node whose child list holds this one: its parent, or an ancestor further up
00499f20	function	node_owner	GameObject * __fastcall (ModelNode *node)	The object whose model the node is in: the owner of its tree's root
00499e30	function	node_destroy	void __fastcall (ModelNode *node)	Destroys a node and the nodes hanging from it
00499240	function	node_child_slot	int __fastcall (ModelNode *node)	A free index in a node's child list, which it creates and grows up to its capacity
004531c0	function	ship_index	uint __fastcall (MissionShip *ship)	Index of a ship record, or 0xFFFF
004c3710	function	sr_assert_failed		Surrender's assertion failure: reports FATAL: SR Assertion Failed and breaks
004f7490	data	ship_types	ShipTypeEntry[256]	A model and comms sprite name for each ship type, and the model once loaded
00538ca8	data	attachment_models	MountedModel[180]	What attachment points mount: 20 ids for each of 9 kinds
0045de70	function	attachment_models_load	void __fastcall (void)	Loads the models and sprites attachment points mount
004a44d0	function	model_load	void * __fastcall (char *name)	Loads a .SHP model by file name
004760c0	function	object_add_part	void __fastcall (GameObject *object, void *model, int part)	Gives an object a node for a part of its model
0049a8c0	function	node_draw	void __fastcall (GameObject *object, ModelNode *node, uint flags, float glow)	Adds a node's frame to the scene and draws its children: a model part's mesh on the world layer, or the overlay with flag 0x40; lights, engine glows and the cloak by the node's kind; skips hidden nodes and objects too far away to see. An engine glow of attachment id 7 burns full, the rest by the glow given, negated where the attachment's Z axis and its length point the same way, and drawn nothing at or below zero; a burning one is flickered by rand to between 0.8 and 1 of its length, then scaled by the attachment's sizes, the length by that amount
0049b390	function	object_draw	void __fastcall (ModelNode *root, uint flags, float glow)	Draws an object from its root node with node_draw, adding flag 0x10, drawn nothing, when it lies beyond the view or outside its sides; mission_frame passes it last_throttle times engines_intact as the glow
004769f0	function	object_recentre	void __fastcall (GameObject *object)	Moves the object's origin to its parts' centre of mass, adding the shift to +0x524, the root and the position, then finds its bounds, radius and inertia tensor (object_bounds) and inverts the tensor into angular_response, its lower half mirrored into its upper first
004764a0	function	node_mass_add	void __fastcall (GameObject *object, ModelNode *node)	Adds a node's mass and its mass times its centre to the object's totals, children first; parts by their mass fields, others by their meshes' boxes
00499430	function	node_add_part	ModelNode * __fastcall (ModelNode *parent, ShpPart *part)	Hangs a node for a model part from a node, then mounts what its attachment points hold
00499a10	function	node_mount	void __fastcall (ModelNode *node, ShpAttachment *attachment)	Mounts what an attachment point holds: an object of its own for guns and pods
00476130	function	object_link_parts	void __fastcall (GameObject *object)	Links each part's node to its parent part's, or to the root
00476180	function	object_link_part	void __fastcall (GameObject *object, int part, int parent)	Links a part's node to its parent part's, or to the root for none
0049cce0	function	object_set_pilot	void __fastcall (int slot, int pilot)	Gives the object in a slot its pilot and the pilot's stats
0049b600	function	object_set_position	void __fastcall (GameObject *object, Vec3 *position)	Places an object: its root node, the root's frame, and two more copies at 0x768 and 0x798
0049b650	function	object_set_orientation	void __fastcall (GameObject *object, float *orientation)	Turns an object, into the same places as object_set_position
0045a5f0	function	mission_ships_sync	void __fastcall (void)	Copies each live object's position into its mission ship's runtime position, and its heading into the runtime yaw and pitch
004c51c0	function	frame_create		Allocates a 0xB4-byte frame with a name, a position and angles
004c2a60	function	vec4_set	void __thiscall (float x, float y, float z, float w)	Sets the four floats in ECX
004c0e30	function	vec3_zero	void __fastcall (Vec3 *v)	
004c0e60	function	vec3_set	void __thiscall (float x, float y, float z)	Sets the vector in ECX
004c0e80	function	vec3_add	void __fastcall (Vec3 *a, Vec3 *b)	a += b
004c0f30	function	vec3_sub	void __fastcall (Vec3 *a, Vec3 *b)	a -= b
004c0f50	function	vec3_difference	void __fastcall (Vec3 *out, Vec3 *a, Vec3 *b)	out = a - b
004c12d0	function	vec3_distance		Distance between two points
004c14f0	function	vec3_copy	void __fastcall (Vec3 *to, Vec3 *from)	
004c1b50	function	mat3_copy	void __fastcall (float *to, float *from)	Copies a 3x3 matrix
004c1be0	function	mat3_identity	void __fastcall (float *m)	
004c1f30	function	mat3_product_transposed	void __fastcall (float *out, float *a, float *b)	out = the transpose of a, times b
004c26e0	function	mat3_scale_by	void __thiscall (float s)	Scales every element of the matrix in ECX by s
004c1da0	function	mat3_multiply	void __fastcall (float *m, float *n)	m = m times n
004c22b0	function	vec3_turn	void __fastcall (Vec3 *v, float *m)	v = m times v
004c2310	function	vec3_turn_back	void __fastcall (Vec3 *v, float *m)	v = the transpose of m, times v
004c0db0	function	sr_clamp	float __cdecl (float x, float low, float high)	x, kept between low and high
004c30a0	function	sr_fabs	float __cdecl (float x)	
004c30c0	function	sr_sqrt	float __cdecl (float x)	
004c30e0	function	sr_sin	float __cdecl (float x)	
004c3100	function	sr_cos	float __cdecl (float x)	
004c1270	function	vec3_length	float __cdecl (Vec3 *v)	
004c0ea0	function	vec3_sum	void __fastcall (Vec3 *out, Vec3 *a, Vec3 *b)	out = a + b
004c2370	function	mat3_transform_transposed	void __fastcall (Vec3 *out, Vec3 *v, float *m)	out = the transpose of m, times v
004c23c0	function	mat3_transform	void __fastcall (Vec3 *out, Vec3 *v, float *m)	out = m times v
004c1cb0	function	mat3_product	void __fastcall (float *out, float *a, float *b)	The product of two 3x3 matrices
004c2410	function	mat3_from_angles	void __thiscall (float pitch, float yaw, float roll)	Builds the rotation matrix in ECX from three angles
00473ff0	function	object_move	void __fastcall (int slot)	Moves an object for one update: its motion function, then its rotation and velocity
00474150	function	object_steer	void __fastcall (GameObject *object, bool throttle_turns)	Moves each angular rate toward its input times the ship's rate, through its inertia, and builds the rotation
004742e0	function	object_fly	void __thiscall (float thrust)	The flight model for the object in the slot in ECX: throttle, steering, then speed through the inertia
004744c0	function	motion_forward	void __fastcall (int slot)	object_fly with thrust 1
004744d0	function	motion_backward	void __fastcall (int slot)	object_fly with thrust -1
00403060	function	object_cruise_speed	float __fastcall (GameObject *object)	max_speed, times the factor at 0x738, engines_intact and, outside one mode, the armor factor at 0x668
004a8b10	function	WinMain	int __stdcall (uint instance, uint previous, char *command_line, int show)	The game's entry, from _WinMainCRTStartup. A second copy finds the first by its StarlancerRunning mutex and restores the first's window instead
00494040	function	mission_run	void __fastcall (void)	Runs a mission: resets the clocks, then loops, running a game tick for each timer tick since the last pass
004827c0	function	tick_timer		Timer callback, 100 times a second: advances game_ticks and the play time, unless paused
00483150	function	hud_init	void __cdecl (void)	Sets the HUD up once, on the first frame that draws it: copies the element names into the table at 0x57BC5C, a hundred bytes each, allocates hud.cpp's work buffer, takes oldpalette.tga and powerball.tga, and works out the 62 by 62 table of shading the power ball, the power distribution display, is drawn from
0048c6e0	function	hud_blit	void __fastcall (void *pane, void *shapes, int shape, int x, int y, void *buffer, int mirrored)	Draws one of the display's shapes shaken, in place of VFX_shape_draw while hud_interference is above 0: under the hardware renderers each row is shifted sideways by a random amount scaled by hud_interference, or by 0x00588724 for some shapes. Unverified: the last two arguments
004843b0	function	hud_draw	void __cdecl (void)	Draws the head-up display, once a frame. mission_run puts it in sr + 0x88 and Surrender calls it while it renders, so nothing calls it outright and Ghidra does not find it without being told
00482f00	function	hud_grid_place	void __fastcall (uint index, int *out_x, int *out_y)	Where the item of index stands in the display's grid: from half-way across the screen, 0x30 apart across and 0x26 down, two to a row
00482e90	function	hud_place	void __fastcall (int x, int y, float across, float down, int *out_x, int *out_y)	Where a display element stands, so that it keeps its place at any resolution: the screen's size less 0x21, times the fraction across or down, plus 0x10 and the offset given
00480e40	function	hud_text	void __fastcall (void *pane, int x, int y, void **font, char *text, uint colour, int align)	Draws a line of the display's text with VFX_string_draw, which sprites.cpp looks up out of vfx.dll into 0x00594858: left where align is 0, centred where it is 1 and right where it is 2, the line's width from font_text_width. An empty string draws nothing. Leaves the line's bounding box where the caller asked
00480e10	function	font_text_width	int __fastcall (void *font, char *text)	How wide a string is in a font: the sum of its glyphs' widths, two bytes each from the font's +4
00477850	function	game_tick	void __fastcall (void)	One tick: the simulation step, unless paused
004774d0	function	simulation_step	void __fastcall (void)	Every fourth tick: each object's own updates, then objects_update and the rest
00468fa0	function	objects_update	void __fastcall (void)	Moves every object, then finds colliding pairs by sorting their extents along X
00466170	function	objects_collide	bool __fastcall (int *a, int *b)	Handles two objects whose spheres may meet, pushing them apart when they overlap
00565064	data	game_ticks	uint	Ticks since the mission started
00565070	data	play_time_ticks	ushort	Play time: ticks, rolled into seconds after 101
00565072	data	play_time_seconds	ushort	
00565074	data	play_time_minutes	ushort	
00565076	data	play_time_hours	ushort	
0057e04c	data	paused	ushort	Nonzero while the game is paused, which stops the ticks and the script clock
0049d070	function	frame_time_sum	void __fastcall (void)	Converts the frame's seven timed sections from counter ticks to seconds and totals them in frame_time
0058c4cc	data	frame_time	float	The last frame's timed sections together, in seconds; mission_frame moves detail_divisor by it
00539aa0	data	game_object_count	short	Slots of game_objects in use, which create_object extends when given no slot
0045f1b0	function	camera_set_view	int __fastcall (int view, int object, char lock, char force)	Switches the camera to a view of an object: refused while locked unless forced; starts or clears the bars, resets the chase and orbit state, then places the camera
0045fc90	function	camera_frame	void __fastcall (void)	Places the camera once a frame for the view: moves the bars, then the cockpit, chase, orbit, flyby and cutaway views
0045ed60	function	camera_chase	void __fastcall (void)	The chase view: behind and above the object by ship type, farther with throttle, swinging against its rates of turn
0045ed40	function	camera_chase_level	void __fastcall (void)	Zeroes the chase view's swing
00414060	function	frame_controls	void __fastcall (int slot)	The controls read once a frame, from mission_frame: the joystick's hat, which glances ahead, left, right or back while held, the camera keys, steering the orbiting views with the arrow keys, and the wingman and other frame keys
004f72a8	data	camera_view_table	byte[44][4]	For each view: the language string that names it (a halfword), whether the bars slide in, and whether it is from the cockpit. It ends where the text of camera_set_view's assertion on an invalid camera type begins
00539a64	data	camera_view_last	int	Last frame's camera_view: mission_frame resets the star streaks when they differ
00539a34	data	camera_view	short	
00539a8c	data	camera_object	short	The object the view shows
00539a9c	data	cockpit_mode	int	What the cockpit view shows: 0 no cockpit, 1 the cockpit's model, 2 the chase view; the cockpit key cycles it
005d5a78	data	cockpit_mode_setting	int	The options' cockpit setting: 0 the cockpit's model, 1 the chase view, 2 no cockpit
00539acc	data	camera_locked	char	Set while a script holds the camera; the camera keys do nothing
00539a38	data	camera_bars	float	How much of the screen each cinematic bar covers, up to 0.1
00539a50	data	camera_bar_speed	float	
00539aa4	data	camera_switched	int	frame_start when the view last changed
004f72a4	data	chase_distance	float	Along the object's forward axis, smoothed; 1500 on switching to the chase view
00539a80	data	chase_pitch	float	
00539a3c	data	chase_yaw	float	
00539a74	data	chase_roll	float	
0051cf64	data	orbit_yaw	float	Degrees
0051cf84	data	orbit_pitch	float	Degrees, -89.5 to 89.5
0051cf80	data	orbit_yaw_speed	float	Degrees a tick, up to 5
0051cf68	data	orbit_pitch_speed	float	Degrees a tick, up to 5
0051cf6c	data	orbit_distance	float	Kept between 1.8 and 3.8 radii of the player's ship, or 5.8 of the target's
00588724	data	hit_shake	float	How much the cockpit view shakes from a hit, falling by 0.02 a tick
004c3a60	function	sr_set_projection	void __cdecl (float left, float top, float right, float bottom, float across, float down)	The projection: scales of the screen's size less 0.1 times the factors, the middle, and the viewport's edges in view units and pixels
00476680	function	object_bounds	void __fastcall (GameObject *object, ModelNode *node, float *tensor)	Widens the object's bounds and radius over a node's mesh, and adds its part's inertia to the tensor: the second moments about the two other axes on the diagonal and the products off it, each with the term the part's distance from the object's origin adds, times its density; then the node's children
00588340	data	joystick	JoystickState	The joystick as read_joystick last polled it
00588398	data	mouse	MouseState	The mouse as read_mouse last read it: its movement since the read before
00595c68	data	keyboard	byte[256]	DirectInput's keyboard state, by scan code (DIK_*): nonzero while the key is down
005d54ec	data	key_latched	byte[256]	Set for a key once key_pressed has counted it once, until read_keyboard sees it released
005ddc98	data	button_latched	ushort[32]	Set for a joystick button once control_active has counted it once, until read_joystick sees it released
005d5744	data	shift_latched	bool	Set once key_pressed has counted a Shift combination once, until both Shift keys are up
005d5634	data	control_latched	bool	Set once key_pressed has counted a Ctrl combination once, until both Ctrl keys are up
00595d80	data	alt_latched	bool	Set once key_pressed has counted an Alt combination once, until both Alt keys are up
004e2380	data	control_bindings	ControlBinding[74]	Each action's key, modifier, name and joystick button
0057e064	data	control_mode	ControlMode	What player_controls steers with: the Controller setting
0051d610	data	joystick_invert	int	The JoystickInvert setting, 1 by default: while it is clear, player_controls reverses pitch from the stick, keys and mouse
00595d88	data	twist_enabled	bool	The TwistEnable setting: the joystick's twist (Rz) rolls the ship when it has one
0050e1a4	data	force_feedback	bool	Set while the joystick in use has force feedback
0052029c	data	hat_enabled	int	The HatEnable setting, 1 by default: while it is set, frame_controls glances with the joystick's first hat
0051cf8c	data	hat_glancing	bool	Set while the joystick's hat glances, so that frame_controls looks ahead again once it is let go
0051d458	data	twist_setting	int	The TwistEnable setting as load_key_config reads it; twist_enabled is whether it is nonzero
0051da4c	data	force_feedback_setting	int	The ForceFeedback setting, 1 by default: while it is clear no force-feedback effect starts, and the frame's hits push nothing
005d5644	data	settings_path		The path of starlancer.ini: the game's directory, then the file's name
005ddb18	data	joystick_caps		The joystick's DIDEVCAPS, which joystick_found takes the button and hat counts from
005ddd18	data	direct_input		The IDirectInput7 interface
005ddd1c	data	keyboard_device		The keyboard's IDirectInputDevice7
005ddd20	data	mouse_device		The mouse's IDirectInputDevice7
005ddd24	data	joystick_device		The joystick's IDirectInputDevice7, or null without one
005ddc58	data	force_effects	void **[13]	Each .frc file's effects as force_effects_read made them, in load_force_effects' order: the gun types' from lc to nc, then Missile and Shake; each place that plays one starts its first
005ddcdc	data	force_slots	void *[9]	The pushes force_hit_pushes plays, a slot each in turn from force_slot_next, freed as its slot comes round again
005ddd30	data	force_slot_next	int	The force_slots slot the next effect takes; back to 0 past 8
005ddd2c	data	force_files_read	int	How many .frc files load_force_effects read
005457b8	data	force_hits	float[40]	The frame's hits on the player's ship for force_hit_pushes, each its push and its quadrant, up to the first of no push; damage_feedback writes them from force_hit_next
00545858	data	force_hit_next	int	The force_hits entry damage_feedback writes next; back to 0 past 19, and to 0 after force_hit_pushes
00544430	data	force_knocks	float[40]	A second list force_hit_pushes sums as force_hits, which nothing fills
005ddb48	data	joystick_name	char[260]	The joystick's product name
005ddc4c	data	joystick_axes	JoystickAxes	The joystick's axes the game set up: X, Y and Rz run from -1000 to 1000, Z and the first slider from 0 to 1000
005ddc54	data	joystick_buttons	short	The joystick's button count
005ddc56	data	joystick_hats	short	The joystick's point-of-view hat count
0051cf7c	data	throttle_setting	float	The throttle the keys set; the ship's throttle follows it while the afterburner is off
00579984	data	matching_speed	ushort	Flipped by MATCH SPEED; while set, match_target_speed runs each update. ZERO THROTTLE and FULL THROTTLE clear it
00566794	data	throttle_before_match	float	The throttle match_target_speed puts back when the target leaves range
0051cefe	data	afterburner_toggled	ushort	Flipped by AFTERBURNER TOGGLE; the afterburner burns while it is set
0051cefa	data	mouse_missile_latched	ushort	Set once the right button has launched a missile in the mouse's mode, until it is let go
004e2378	data	mouse_range	int	How far from the centre the mouse's stick reaches, in counts: 800
004e237c	data	mouse_dead_band	float	The share of the mouse's stick about the centre that steers nothing: 0.3
005799c0	data	fuel_warning_tick	int	The game_ticks value before which the afterburner fuel warning does not sound again
0042c800	function	load_key_config	void (void)	Reads the KeyConfig and JoyConfig sections of starlancer.ini: the input settings and each action's binding
004bcd90	function	input_init	int (void)	Creates DirectInput and the keyboard, mouse and joystick devices, preferring a force-feedback joystick
004bd190	function	joystick_found	int __stdcall (void *instance, void *context)	DirectInput's callback for each joystick it enumerates
004bd050	function	joystick_object_found	int __stdcall (void *object, void *context)	DirectInput's callback for each axis, button and hat of the joystick
004bd780	function	input_acquire	void (void)	Acquires the keyboard, mouse and joystick, or unacquires them while the word at 0x5DDD28 is set
004bd3f0	function	input_shutdown	void (void)	Unacquires and releases the devices and DirectInput
004bd490	function	read_keyboard	void (void)	Reads the keyboard, then clears the latches of released keys and modifiers
004bd300	function	read_joystick	int __fastcall (JoystickState *state)	Polls the joystick into state, then clears the latches of released buttons
004bd3a0	function	read_mouse	int __fastcall (MouseState *state)	Reads the mouse's movement since the previous read, and its buttons
004bd570	function	key_pressed	int __fastcall (int key, int modifier, int once)	Whether a key is down with a modifier (ControlModifier); with once, only once for each press
004bd800	function	load_force_effects	int (void)	Reads forces\lc.frc to Shake.frc, a gun type's each from the Laser Cannon's to the Nova Cannon's then Missile and Shake, into force_effects by force_effects_read, counting those read; then downloads the missile's
004bdb10	function	force_effects_read	long __fastcall (void *device, void ***effects, int *count, char *path)	The SideWinder Force Feedback SDK's SWFF_CreateDIEffectFromFileEx: has CLSID_VFX, the Visual Force Effects server, make the DirectInput effects of an .frc file, into an array it allocates
004bd980	function	force_slot_free	void __fastcall (int slot)	Stops, unloads and forgets the effect in force_slots at slot, if any
004bdd30	function	force_periodic_create	long __fastcall (void *device, void **effect, int type, int duration, int period, int direction, int magnitude, int offset, int attack_time, int attack_level, int fade_time, int fade_level, int button)	The SideWinder Force Feedback SDK's SWFF_CreatePeriodicEffect: a periodic effect of type 1 (sine) to 4, times in microseconds and the direction in hundredths of a degree
004be000	function	force_shake	void (void)	Starts the Shake effect unless it is playing, while force_feedback_setting is set; camera_frame runs it while hit_shake is above 0.1, and damage_feedback for a shot
004be060	function	force_hit_pushes	void (void)	Each frame from mission_frame, while force_feedback_setting is set: sums force_hits by the side struck and plays a push across (left less right) and along (fore less aft), a 1-second 2 Hz sine through force_periodic_create in the next of force_slots, for a net stronger than 1; aims the push from the left at 90000, which DirectInput turns down
00412630	function	control_active	int __fastcall (ControlAction action, int once)	Whether an action's joystick button, or its key with its modifier, is down; with once, only once for each press
00413410	function	player_controls	void __fastcall (int slot)	The Player Control order's update: steering, throttle, weapons and the other flight actions from the controls
00412c10	function	match_target_speed	void (void)	Sets the throttle to the target's speed over the player's cruise speed while the target is within 330000 units; otherwise puts the throttle back and stops matching
004132c0	function	player_throttle_keys	void __fastcall (void)	Steps the throttle while ACCELERATE or DECELERATE is held; ZERO THROTTLE and FULL THROTTLE set it
004e06e0	data	order_groups	OrderRecord *[3]	The order table: for each hundred order numbers, the records of those orders
0058832c	data	player_slots	short	Object slots that belong to players, from slot 0: 1 in a single-player game, the player count or 8 in multiplayer
004924b0	function	mission_frame	int (void)	mission_run's work for each frame while the game is not paused: among it orders_update, events_flush and mission_ships_sync
0040c8f0	function	orders_update	void (void)	Once a frame: zeroes every object's recent_damage each 500 ticks, then runs object_orders for each object not disabled
0040c5f0	function	object_orders	void __fastcall (int slot)	Runs an object's current order: starts its queued orders that are due, clears its burn flags, then runs the order's init if it has yet to start, and its update
0040cc10	function	order_push	bool __fastcall (int slot, int order, int kind, int target, int component)	Pushes an order aimed at a target on an object's stack; false when the ship refuses it, the current order does not give way or the stack is full
0040cbf0	function	order_push_ship	bool __fastcall (int slot, int order, int target, int component)	order_push aimed at a ship, target being its slot
0040ce70	function	order_pop	bool __fastcall (int slot)	Pops the current order, running its exit if it has started; false without orders. Unless it was one-shot, the order below starts again
0040ca50	function	order_give_way	bool __fastcall (int slot, int order)	Whether the current order gives way to order, or to clearing them all for -1, running its exit if it does; a fatal error where its priority forbids
0040ca00	function	order_refused	bool __fastcall (int slot, int order)	Whether the ship in slot refuses order: a player's ship refuses orders below 100 without the players flag
0040cf50	function	orders_clear	void __fastcall (int slot)	Drops every order if the current one gives way, running only its exit
0040cf80	function	orders_pop_all	void __fastcall (int slot)	Pops every order, running each exit
0040c520	function	order_retaliate	void __fastcall (int slot)	Pushes Fight at the last attacker, of the other side, once the ship's recent_damage reaches 4.2 times its armor class; only between ships whose combat stats hold 1 at +0x28
0040c9b0	function	ai_first_setup	void (void)	Once, while 0x005185B0 is clear: calls 0x00418A70 and puts the action sphere around slot 0 with a radius of 220000
00402660	function	order_queue	void __fastcall (int slot, OrderEntry *entry, int delay, int value)	Queues an order from another player, due delay ticks after frame_start; an equal order already queued stays if it is due no sooner, and is replaced otherwise
00492190	function	avoidance_scan	void __fastcall (int slot)	In mission_frame's pass that draws the objects, for an object whose order has the avoidance flag and no no_avoidance: lists the objects it could hit, those with components whose spheres, 10000 wider, overlap its own at +0x6B8, and the others ai_collision_course puts it on course to hit within 50 steps by 2000 at +0x6E4, ten of each at most
00401f30	function	object_destroyed	void __fastcall (int slot, bool may_spin, bool no_eject)	A ship's end: an AI ship's pilot ejects where +0x74C is clear and eject_roll is under 40, or where told to eject before exploding, leaving the ship to Eject Spin; the player's ejects unless no_eject or already ejected or flying the Kamov; otherwise the ship explodes, its stack overwritten; may_spin goes into the order's data
00402100	function	object_destroyed_net	void __fastcall (int slot, bool may_spin, bool no_eject)	object_destroyed, first telling the other players (0x004B9C70) where a network session runs a mission that is not multiplayer's; objects_collide's for a torpedo and a mine going off
004e1798	data	explode_modes		Explode's routines for each mode, 0x18 bytes each: init and update, for a ship, a ship with components as a whole, one of its components, an asteroid and the limpet car
004086f0	function	explode_ship_init	ObjectRoutine	Explode's init for a ship: heard at once close to the camera, it takes a style (the torpedoes always 2, else object_random15 % 3), the player's has the camera watch it from view 8, 0x1A or 0x1B and sets mission_ending to 1, then the style's init
00408a60	function	explode_ship	ObjectRoutine	Explode's update for a ship: its style's update until the tick at +4; then explode_burst for style 1, explode_blast for the rest but the torpedoes, and object_retire
00409170	function	explode_hull_init	ObjectRoutine	Explode's init for a ship that lists components, going as a whole
004091e0	function	explode_hull	ObjectRoutine	Explode's update for a ship that lists components, going as a whole
00409200	function	explode_component_init	ObjectRoutine	Explode's init for the component of a ship the order is aimed at
00409260	function	explode_component	ObjectRoutine	Explode's update for the component of a ship the order is aimed at
00409270	function	explode_asteroid_init	ObjectRoutine	Explode's init for an asteroid, types 0x79 to 0x7F
004092a0	function	explode_asteroid	ObjectRoutine	Explode's update for an asteroid
004094d0	function	explode_limpet_car_init	ObjectRoutine	Explode's init for the limpet car, type 0x1D
004095f0	function	explode_limpet_car	ObjectRoutine	Explode's update for the limpet car
004e1740	data	explode_style_inits	void *[3]	Explode's init for each style a ship goes in: spin out, burst, halt
004e174c	data	explode_style_updates	void *[3]	Explode's update for each style: explode_spin, noop, explode_spin
00408bc0	function	explode_spin_out_init	ObjectRoutine	Style 0: 50 puffs to trail, unpowered, a random spin; blows up 200 to 399 ticks on, or at once, stopped dead, for a torpedo or a ship the order's data byte says may not spin; a fireball of its radius
004090f0	function	explode_burst_init	ObjectRoutine	Style 1: unpowered, its rates and inputs zero, blowing up at once
00408d20	function	explode_halt_init	ObjectRoutine	Style 2: stopped dead, unpowered, a random spin, blowing up at once; a fireball of its radius, and for a torpedo five more and a shockwave
00408f70	function	explode_spin	ObjectRoutine	The update of styles 0 and 2: while fewer ticks are left than ten a bit of its trail, a small burning bit (explosion_bit, size 0.1, speed 1) thrown backwards from within 250 of it, every other one where flag 24 is set; then the rotation set from the spin times the ticks left times 0.005
00408500	function	explode_kill_credit	ObjectRoutine	Where the player destroyed a hostile fighter, or type 0x2D, 0x3C or 0x3E, adds the kill (kills_add) and a radio line on it (radio_kill_remark); a ship with +0x74C clear gets a line of its own (radio_ship_lost)
004aeb50	function	arena_frame	void (void)	In a multiplayer mission, once a frame: the first time, sizes the arena's sphere round the objects from slot 8 but mines, beacons and a few ranges of types; after, a player's ship that strays past it meets its wall (arena_wall_hit) once until it is back inside, and the local player's is shaken and pushed back in, or put back just inside; the wall's flashes play on and the players' ships are kept apart
004af0e0	function	arena_shot_check	void __fastcall (int *shot)	Once the arena is sized, a shot past its sphere meets its wall (arena_wall_hit)
004b02a0	function	arena_wall_hit	void __fastcall (int slot, int *shot)	Where a shot, which it frees, or a player's ship meets the multiplayer arena's wall: 10 sparks of kind 3 back in from the wall where a flash of it at most 100 ticks old stands within twice its radius, else a new flash (the next of 32, a 4000 mesh facing the arena's middle, for 250 ticks) with the sparks and sound 0xD
005d7c9c	data	arena_centre	Vec3	The middle of the multiplayer arena's sphere
005d76ec	data	arena_radius	float	The radius of the multiplayer arena's sphere: the farthest reach of the objects it is sized round
004b14f0	function	kills_add	void __fastcall (int slot, int count, bool report)	Adds count to a player's kills: skull_count for the local player, the per-player tally, and in a single player mission the mission's own
00456bb0	function	radio_kill_remark	void __fastcall (int slot)	A line on the radio for the player's kill, by the class of what went down, at most once every 600 ticks and not while the radio is busy
00456cf0	function	radio_ship_lost	void __fastcall (int slot)	A line on the radio for a ship lost, but the player's, while the radio is free
0046c980	function	explode_blast	void __fastcall (GameObject *object)	A ship's blast at the end of Explode: the cloak dropped, the break-up, burning bits, two particle bursts, now and then a shockwave, a fireball, and explosion sound 11, on a sure voice within 20000 of the camera
00471db0	function	explode_burst	void __fastcall (GameObject *object)	Style 1's blast: the cloak dropped, the break-up, burning bits, two particle bursts and 18 fireballs about it, and explosion sound 11; the player's sets the marker view 0x1B watches, drifting at a quarter of its velocity
0046c550	function	explode_break_up	void __fastcall (GameObject *object, int kind, ModelNode *node)	Cuts each part node (kind 1) of the tree in four (model_slice, frame the root) and sends the pieces off as debris away from the ship: the first and fourth whole, turning up to 0.02 a tick, trailing smoke (0x00553358 for a blast, 0x00553354 for a burst) for 200 to 499 ticks; the second cut again in two and the third in four, turning up to cuts times 0.025 (blast) or 0.005 (burst), for up to 299 ticks (blast) or 300 to 599 (burst); then the node's children
0046bf20	function	model_slice	void ** __fastcall (void *frame, void *part, int cuts)	Cuts part's drawn mesh along cuts random planes through frame's origin: each polygon to the side the sum of its corners, in frame, lies on; each side a new mesh of its own corners in frame's orientation, centred on their mean, drawn with part's flags and 0x4000, standing there; copies each plane's normal only and makes every polygon plain
00472700	function	debris_add		The next of the 500 records of the debris table at 0x0055AE88 (0x40 bytes each: until, stage, object, velocity a tick, spin a tick, smoke emitter), round from 0x0055AD1C, freeing what was there (debris_free)
0046e480	function	explosions_update		Once a frame: moves the marker on by its drift while it moves, then the explosions' tables: the Uber Explode (0x00473210), rock chunks, streaming emitters, flickering lights, scripted effects, the break-up's debris, which ends in a fireball, then explosion_fireballs, each playing on: the bang's 16 textures or the sheet's 9 cells, drifting, coloured by how far it has played where it is lit, its light fading from 10
00472ab0	function	uber_explode_start	void __fastcall (int owner, Vec3 *at, float *orientation, float size, int duration)	The Uber Explode, the Huuuuuuuge Explosion order's: lists into uber_caught every object within 5 times size but the player, which is created and not disabled, with combat stats of a side but neutral and orders, and not a gate, the Boridin or its breakaway, running past the list's end with more than 80; makes the halves of uber_hemisphere, the ball (sphere_mesh_create) and its glow (Uber BMO, the gunflare partic6 texture), and two squares and a light it never adds to the scene; plays UBEREXP at the owner, flashes the screen for 100 ticks and sets off two shockwaves of kind 3, 16 and 6 times size across, over a quarter and a half of the duration
00473210	function	uber_explode_update	void (void)	First in explosions_update: past its duration the Uber Explode ends (uber_explode_free), plays CAPEXP at the owner, destroys each object the ball reached unless it is exploding, and raises the owner's explosion event; until half way the halves grow to 1.3 times size, open out until 0.3 (uber_hemisphere_open), and brighten and fade; from 0.3 the ball spreads to 5 times size, flickering, sets hit_shake, and knocks, spins, sets alight and stops each listed object it reaches; from 0.95 the screen flashes; from half way 12 to 24 burning bits a frame fly at the camera
004731a0	function	uber_explode_free	void (void)	Frees the Uber Explode's objects: the halves, the squares, the ball, the light and the glow
00473ea0	function	uber_hemisphere_open	void __thiscall (void *mesh, float radius, float share)	Lays the hemisphere's vertices out share of the way open: its rings share of pi/16 apart round from the pole at the origin, the bowl toward -Z
00473bf0	function	uber_hemisphere_create	void * (float radius)	The Uber Explode's hemisphere, fully open: a pole, seven rings of 18 and a last pole no triangle uses, 234 triangles over ring3, lit and blended by alpha
004268a0	function	ease_linear	float10 (int unused, float from, float to, float at)	From from to to in a straight line by at
0045ab50	function	event_post_explosion	void __fastcall (GameObject *object)	Queues explosion_ship on the object's mission ship, where it has one
004c4f90	function	light_free	void __fastcall (void *light)	Unlinks a light and frees it
0055870c	data	uber_started	int	The frame_start the Uber Explode went off at
00558710	data	uber_duration	int	How many ticks the Uber Explode lasts
00558714	data	uber_size	float	How far the Uber Explode reaches: it lists the objects within 5 times it
00558718	data	uber_owner	int	The slot of the object whose Uber Explode it is
00562b88	data	uber_caught	int[80]	The objects the Uber Explode lists, -1 after the last; the ball adds 1000 to each it reaches
005586f0	data	uber_halves	void *[2]	The Uber Explode's halves, UberHemi1 and UberHemi2; null while none goes off
005586f8	data	uber_waves	void *[2]	The Uber Explode's squares, UberWave1 and UberWave2, which it never adds to the scene
00558700	data	uber_ball	void *	The Uber Explode's ball of flame
00558704	data	uber_light	void *	The Uber Explode's light, UberExplosion_Light, which it never adds to the scene
00558708	data	uber_glow	void *	The Uber Explode's glow, Uber BMO
00562cd0	data	uber_hemisphere	void *	The hemisphere mesh the Uber Explode's halves share, which explosions_init makes
0046bd00	function	explosion_fireball	void __fastcall (Vec3 *at, Vec3 *velocity, int kind, float size, int life, bool light, int delay, bool lit, bool special)	Sets a fireball off in the first free of explosion_fireballs: a sprite of the size at, kind 0 playing explosion_bang_images, 1 the cells of explosion_sheet_image, mirrored by two random bits, blended over what is behind; drifting at velocity, after delay ticks, for life; with a light (1, 0.5, 0.1) of intensity 10 reaching 50 times the square root of the size, where asked
004717d0	function	explosion_bit	int __fastcall (Vec3 *at, Vec3 *direction, float body_chance, float size, float speed, bool rock)	Throws a burning bit into the next of explosion_bits: a rock chunk where asked, a body by the chance (scale 2.5, or 0.75 at size 0.1 or less), otherwise a piece of debris (half to one and a half times size); along direction at 1500 to 4500 a second, strayed up to a quarter radian about each axis, times speed; tumbling up to 0.05 a frame about each axis; for 1750 to 2250 ticks; the splits ask for bodies by their sequence, the Ulysses at 0.1, none for a rock
00471770	function	explosion_piece_load	void __fastcall (int n)	The first levels of debris type 0x4E plus n, their distances stretched by 1.5, for explosions_init
004717a0	function	explosion_body_load	void __fastcall (int n)	The first levels of crewman type 0x58 plus n, their distances stretched by 2.5, for explosions_init
0055ae60	data	explosion_pieces		The ten debris models a burning bit is picked from
00553388	data	explosion_bodies		The four crewman models a burning bit may be; explosion_bit picks the first three
00472780	function	rock_chunk_throw		Throws a rock chunk into the next of the 300 at 0x00558778, tumbling, along a direction with a small special fireball; a split Latov throws them in place of burning bits, and an asteroid hit (shieldfx kind 5)
00558778	data	rock_chunks		300 rock chunks of 0x20 bytes that rock_chunk_throw fills and explosions_update flies
00471d00	function	explosion_bit_free	void __fastcall (int slot)	Frees a bit's mesh object and counts one fewer
00553398	data	explosion_fireballs		Thirty fireballs, 0x2C bytes each: the sprite set, its light, its velocity, its birth, life, look (bit 2 the bang, bits 0 and 1 the mirrors), delay, whether it is lit, and whether it is special
005538c8	data	explosion_bits		Up to 500 burning bits, 0x28 bytes each: birth, life, kind (1 debris, 2 a body), the mesh object, velocity a second and spin a frame; as many in use as the detail setting allows (100, 300, 500)
00562cdc	data	explosion_bit_next	int	The slot of explosion_bits the next bit takes, wrapping at the detail's count
00562cd8	data	explosion_bit_count	int	How many bits fly; nothing reads it
0055ad08	data	explosion_bits_moved_at	int	The frame_start the bits last moved on at
00558734	data	explosion_bang_images	TextureImage *[16]	The bang's frames, explosion\bang_00000 to bang_00015
00558730	data	explosion_sheet_image	TextureImage *	Nine frames in a three by three sheet, explosion\explosion sheet
004688e0	function	object_retire	ObjectRoutine	What Explode leaves of an object: type 1001, flagged no_collisions, exploding, stand_in, frozen and unpowered, not targetable, and no orders
0055ad0c	data	explode_marker	void *	The frame camera view 0x1B watches: where the player's ship burst
0055ad10	data	explode_marker_drift	Vec3	How far explode_marker moves a frame: a quarter of the ship's velocity
0055acfc	data	explode_marker_moving	bool	Set once explode_burst has placed explode_marker
00463420	function	cloak_drop	ObjectRoutine	Drops an object's cloak: its nodes' callbacks freed (cloak_node_free), the cloaked flag cleared and its record freed
004c1070	function	vec3_lerp	void __fastcall (Vec3 *out, Vec3 *from, Vec3 *to, float share)	out = from + (to - from) * share
00588394	data	mission_ending	byte	How the mission is ending: 0 while it goes on, 1 the player's ship destroyed or the ejected pilot killed, 2 the ejected pilot picked up by a nanny ship, 3 picked up by the enemy, 8 the player ejecting until the pod's time is up (order_eject settles it by the rescue odds); mission_end_record keeps the pilot's kills for every ending but 1 and 3; the debriefing names the ending by it
004645c0	function	component_damage	void __fastcall (GameObject *object, ModelNode *node, float damage, int attacker, DamageKind kind)	Damages a component: lowers its node's armor, records the attacker in last_attacker, and marks the component's holder destroyed once the armor is below zero
00463640	function	object_cloak	void __fastcall (int slot)	Cloaks an object: sets its cloaked flag, posts the Cloaked event and sets up the cloak state at +0x63C
00401830	function	object_set_targetable	void __fastcall (int slot, bool targetable)	Sets or clears the object's targetable flag; it stays clear when the word at +0x24 of the combat stats is zero
00401380	function	ai_steer	bool __fastcall (int slot, Vec3 *point, float limit, float ease, uint flags)	The AI's steering: turning inputs toward point, less (1 - ease) * 6 times each turn rate, times 11.46, held within limit. Flags 1 and 2 run avoid_near and avoid_ahead first, 4 rolls upright, 8 keeps pitch at 0.2 or more. Returns whether avoidance took over
004028f0	function	avoid_near	bool __fastcall (int slot, Vec3 *point)	Moves the point a ship steers at around the objects in its first avoidance list (+0x6B8) it closes on within 250 steps: onto the nearest face of their box, widened twice by its radius, at the corner nearest the point; false when there is nothing to avoid or the ship has no_avoidance
00402dc0	function	avoid_ahead	bool __fastcall (int slot, Vec3 *point)	Moves the point a ship steers at around the objects in its second avoidance list (+0x6E4), taken where they will be by the time the ship reaches them at its cruise speed: within 1000 (500 of another side) of the line, the point goes that far ahead, above or below by both radii and 2000 (1000); not for ships with components
00403170	function	ai_roll_upright	void (void)	Rolls the ship toward the world's Y axis, through 0x403090
00401870	function	order_target_valid	bool __fastcall (OrderEntry *entry, uint allowed)	Whether an order's target, or a record laid out like one, can still be aimed at: a targetable object not cloaked, exploding, disabled or ejected nor with flag 0x10000000, except the flags in allowed, and a component that is there and neither hidden nor 0x10
004add10	function	object_random	float __fastcall (GameObject *object)	The object's own random number from 0 to 1: its seed steps as seed * 0x343FD + 0x269EC3, and bits 16 to 30 of it over 32767 are the number
00403000	function	object_stop	void __fastcall (int slot)	Stops an object dead: velocity, speed, throttle, inputs and rates zero, and no rotation
00463600	function	object_toggle_cloak	void __fastcall (int slot)	Cloaks or uncloaks an object whose model can cloak
00463560	function	object_set_cloak	void __fastcall (int slot, bool cloaked)	Cloaks or uncloaks an object, and the ships being launched from it
00463780	function	object_uncloak	void __fastcall (int slot)	Uncloaks an object
004629d0	function	cloak_node_reveal	void __fastcall (GameObject *object, ModelNode *node, int passed_on, Vec3 *at)	A hit at a point shows a cloaked node's hull round it, where the node cloaks (cloak_node_cloaks): each vertex of its drawn level within 1.123 of the object's radius (a Kafelnikof part's smallest extent) gains alpha in its frame's own colours (+0x110), the more the nearer, over 0.45 of it, up to 1; then its children
00462b80	function	cloak_node_see_through	void __fastcall (GameObject *object, void *cloak, ModelNode *node)	A node that cloaks is drawn by the cloak: its frame takes the hull callback (cloak_hull_callback) and the see-through levels of the part's mesh set (+0x160, +0x18C), its own colours cleared; then its children
00462d30	function	cloak_node_restore	void __fastcall (GameObject *object, void *cloak, ModelNode *node)	A node that cloaks has its own levels back (+0x10C, +0x138), alpha 1 and its own colours cleared; then its children
00462eb0	function	cloak_node_shimmer	void __fastcall (GameObject *object, void *cloak, ModelNode *node)	A node that cloaks gets its shimmer at +0x0C: an object of the cloak's meshes (cloak_mesh_build), clear, its texture coordinates random in 0 to 1, drawn through cloak_shimmer_callback; then its children
00463050	function	cloak_shimmer_swirl	void __fastcall (ModelNode *node, int ticks, float strength, bool children)	A node's shimmer, ticks since it was drawn: each texture coordinate turns about (0, 0) by 0.008 a tick over its squared distance from there, and each vertex takes cloak_colour at strength, unlit; with children, theirs too
004631e0	function	cloak_colour_at	void __fastcall (float *rgb, float strength)	The shimmer's colour: from black to (185, 203, 82) / 256 by cosine_ease as strength goes to 0.3, then on to (0, 0, 80) / 256
004632b0	function	cloak_colour	void __fastcall (float *rgb, float strength)	The shimmer's colour at strength, from cloak_colours
004632f0	function	cloak_hull_fade	void __fastcall (ModelNode *node, int ticks, float solid, bool children)	A node's hull, ticks since it was drawn: while it is clear (solid 0), what hits showed of it fades by 0.01 a tick, else its alpha is solid; with children, theirs too
00463470	function	cloak_node_free	void __fastcall (ModelNode *node)	Frees the records of a node's cloak callbacks, for its frame and its shimmer, and clears the callbacks; then its children
00463500	function	cloak_init	void (void)	Fills cloak_colours from cloak_colour_at, a step of 1/1024, and requires cloak64 into cloak_texture
00463550	function	cloak_free	void (void)	Releases cloak_texture
00463810	function	cloak_frame	void __fastcall (int slot)	In the pass that draws the objects, for an object with a cloak: what its shimmer and hull were drawn at moves back a frame; over 250 ticks the shimmer strengthens and the hull fades, or the other way as it goes; come on, every node's hull is clear and its shimmer whole; gone, each node is restored and the cloak dropped
004639b0	function	cloak_wobble	void __fastcall (int slot)	But for the Kafelnikof, while the cloak changes, the root frame shears by 0.15 at most, three ways at rates 20, 26 and 14 with starts 0, 2.8 and 0.9 over the change, swelling and dying away as sin(done * pi)
00463af0	function	cloak_reveal	void __fastcall (int slot, int passed_on, Vec3 *at)	A hit on a cloaked object at a point: the cloak's struck time is now, and its nodes show their hull there (cloak_node_reveal)
00463b20	function	cloak_shimmer_callback	int __fastcall (void *frame)	The shimmer's per-object callback: unless paused, swirls it (cloak_shimmer_swirl) for the ticks since it was drawn, or skips it (0x100) while the shimmer is nothing or on the Kafelnikof
00463b90	function	cloak_hull_callback	int __fastcall (void *frame)	The hull's per-object callback: skipped (0x100) on the software renderer; else, unless paused or the node doesn't cloak, fades it (cloak_hull_fade) for the ticks since it was drawn
00463c30	function	cloak_node_cloaks	bool __fastcall (GameObject *object, ModelNode *node)	Whether a node cloaks: every node, but on the Kafelnikof only those named in kafelnikof_cloaking_parts
004c24f0	function	mat3_shear_x	void __fastcall (float *m, float a, float b)	m = m times (1, 0, 0, a, 1, 0, b, 0, 1)
004c2550	function	mat3_shear_y	void __fastcall (float *m, float a, float b)	m = m times (1, a, 0, 0, 1, 0, 0, b, 1)
004c25b0	function	mat3_shear_z	void __fastcall (float *m, float a, float b)	m = m times (1, 0, a, 0, 1, b, 0, 0, 1)
00541428	data	cloak_texture	TextureImage *	cloak64, which cloak_init requires and cloak_free releases
0054142c	data	cloak_colours	float[1024][3]	The shimmer's colours by strength, which cloak_init fills
004e1998	data	kafelnikof_cloaking_parts	char[7][20]	The Kafelnikof's parts that cloak: Kaf bot vent, Kaf comms twr, Kaf ext vent, Kaf frnt vent, Kaf land plat, Kaf shield gen, Kaf top vent
004c10d0	function	vec3_scale	void __fastcall (Vec3 *out, Vec3 *v, float s)	out = v * s
004c10b0	function	vec3_scale_by	void __thiscall (float s)	Scales the vector in ECX by s
004c1320	function	vec3_distance_squared	float __cdecl (Vec3 *a, Vec3 *b)	The square of the distance between two points
004c12a0	function	vec3_length_squared	float __cdecl (Vec3 *v)	
00587cc4	data	mission_ticks	int	Ticks game_tick has run since the mission started, paused ones aside
005883b0	data	frame_start	int	mission_ticks when the current frame began
00588330	data	frame_duration	int	Ticks between the previous frame and this one
00491e00	function	frame_begin	void (void)	Starts a frame: frame_duration becomes the ticks since frame_start, and frame_start becomes mission_ticks
00491de0	function	frame_reset	void (void)	frame_start becomes mission_ticks, and frame_duration zero
004983a0	function	noop	void (void)	Returns at once; tables use it for a routine with nothing to do
00405010	function	maneuver_compile_line	void __fastcall (ManeuverScriptLine *script, int line)	Compiles a line of a maneuver script into maneuver_code, the first time the line runs: src/engine/game/aidefend/script.zig does the same
00404f00	function	script_skip_spaces	void __fastcall (char **cursor)	Skips spaces and tabs
00404f20	function	script_read_word	void __fastcall (char **cursor, char *word)	Reads a word of letters, digits and _ . : -
00404f80	function	script_read_arguments	int __fastcall (char **cursor, char **arguments)	Reads an argument list, (, words separated by commas, ), four words at most; returns the count
004069b0	function	maneuver_run	void __fastcall (int slot)	Runs the Fight order's maneuver for an update: starts lines until one waits, compiling each the first time, then runs the waiting one
00405b20	function	maneuver_start_timer	ManeuverHandler	The start of most waiting instructions: their time is up min + random * (max - min) ticks after frame_start
00405b70	function	maneuver_jump	ManeuverHandler	The start of Goto and Else: goes on after the instruction's line
00405e60	function	maneuver_fly_to_point	ManeuverHandler	The run of Runaway and Outofactionsphere: steers at the state's point until the time is up
00405c50	function	maneuver_stop_weaving	void __fastcall (int slot, FightState *state)	Clears weaving
00405c60	function	maneuver_steer_to_point	void __fastcall (int slot, FightState *state)	Steers at the state's point at full throttle; once the point is nearly dead ahead it pitches at full rate until the point is 45 degrees off, weaving. With anything to avoid, ai_steer with flags 3 instead
004c18a0	function	mat3_forward	void __fastcall (Vec3 *out, float *m)	out = the third column of m: for an orientation, the forward axis
004c11c0	function	vec3_dot	float __fastcall (Vec3 *a, Vec3 *b)	
004c1370	function	vec3_normalize	void __cdecl (Vec3 *v)	Scales v to length 1, or makes it a tiny forward vector when it has none
004e0cb8	data	maneuver_code_end	byte *	Where maneuver_compile_line writes the next instruction
00515da4	data	maneuver_code		The compiled lines of the maneuver scripts, packed as the compiler writes them
004e1918	data	maneuver_choices	byte *[9]	The lists Fight picks a maneuver from, a count and then maneuver numbers, by where the target is from the ship's nose, then where the ship is from the target's
004e193c	data	pursue_distances	float[3]	How far off a target Fight pursues it, by the pilot's value 3, before the target's speed scales it
00515d7c	data	wing_second	short[6]	The mission's second wing, as mission_wings_build lists it. Nothing reads it
00515d88	data	player_wing	short[6]	The slots of the player's wing, -1 for none, as mission_wings_build lists it with mission_start putting the player's first: the ships the wing status window shows and the radio's orders go to
00515d94	data	wing_third	short[6]	The mission's third wing, as mission_wings_build lists it. Nothing reads it
004f8890	data	wing_icons	short[48]	Pairs of a ship type and the shape the wing status window shows it by, which mission_start gives each ship of the player's wing: the twelve ships the player can fly and their twins
00515d74	data	action_sphere_radius	float	The action sphere's radius: 220000 from the AI's setup, and where SetActionCentre gives none
00515d78	data	action_sphere_center	short	The object the action sphere is around, which fighters away from the fight return to; SetActionCentre moves it
0040a3a0	function	fight_choose_maneuver	void __fastcall (int slot)	Chooses the Fight order's next maneuver into its entry's data: by the matchup, then its length
0040a000	function	fight_choose_by_position	bool __fastcall (int slot, FightData *data, OrderEntry *entry)	Chooses between fighters: pursue when far, run away when close, else from maneuver_choices by where the two ships are
0040a220	function	fight_choose_against_massive	void __fastcall (int slot, FightData *data)	Attack massive object, for 20000 ticks, against a target with components
0040a230	function	fight_choose_out_of_sphere	bool __fastcall (int slot, FightData *data, OrderEntry *entry)	Out of action sphere, for 500 ticks, for a ship away from the action sphere with no player near
0040a390	function	fight_choose_as_massive	void __fastcall (int slot, FightData *data)	Attack medium fighter, for 10000 ticks, for a ship with components
00409f00	function	fight_find_ship_to_run_to	bool __fastcall (int slot, FightData *data)	Finds the nearest friendly ship with components and combat class 2 or 3 to run to; false when there is none or the ship is near one already
00409be0	function	fight_aim	void __fastcall (int slot, FightState *state, OrderEntry *entry)	Aims the guns: every aim_interval ticks of the pilot at the target, led where it can be, and reckons its drift as a quarter of the target velocity; moves the aim by it each update, then calls fight_fire
00409d10	function	fight_call_for_help		Has a ship the player has hurt badly send its nearest fighting wingman at the player
004096b0	function	fight_fire	void __fastcall (int slot, FightState *state, ModelNode *node)	Fires for the pilot burst once its pause has passed, with the aim along the nose within fire_spread target radii and the node within a quarter of a laser cannon's range; then locks the first rack that is not a Jack Hammer's on the target within its lock range and 0.7 of the nose, ready (+0x2F) once locked_at has passed, launching one time in five once missile_at has; and with a missile homing on it spends a countermeasure once countermeasure_at has passed
00409ec0	function	fight_update_cloak	void __fastcall (int slot, FightState *state)	Uncloaks the ship when its maneuver asked for no cloak, and cloaks it once cloak_at passes when it asked for one
00462550	function	object_spend_countermeasure	void __fastcall (int slot, int missile)	Spends one of an object's countermeasures (+0x5EC), the player's with hud_beep 0, or 3 with none left: drops one at its tail at its next place, drifting at a quarter of its velocity plus 5 along its Y axis and 5 back, trailing decoy_particles fore and aft, for 1000 ticks; then, outside a network client, the first missile in record order homing on it undecoyed that rolls under its decoy chance (30 more against a player, 50 more against a pilot whose countermeasures least is 50) chases it. A client takes the host's missile
004c3830	function	SR_init	void * __fastcall (void)	Clears sr_context and returns it
005e6b50	data	sr_context		Surrender's state: the device, its texture limits, the palette and colour cube in use
00588730	data	sr	void *	What SR_init returned: sr_context
004acbe0	function	renderer_start		Starts Surrender on a device: palette and colour cube, texture size cap from texture_detail, texture cache
00595d7c	data	texture_detail	int	Tdetail in the Device section of the settings: 0, 1 or 2 caps textures at 128, 256 or 2048
004c9a40	function	texture_cache_open	void __fastcall (char *path, char fresh)	Reads the header and directory, or starts an empty cache when the file is missing or of another version, or fresh is set
004c9c50	function	texture_cache_close	void __fastcall (void)	Unloads every texture and closes the file
004c9c90	function	texture_upload	void __fastcall (TextureImage *image)	Fits an image to the device's limits, applies brightness and contrast, converts it and hands it to the device
004c9df0	function	path_file_name	char * __fastcall (char *path)	What follows the last \, / or : of a path
004c9e20	function	texture_find	TextureImage * __fastcall (char *name)	The texture of that file name, ignoring case, its pixels read and uploaded on first use; null when absent
004c9f40	function	texture_add	TextureImage * __fastcall (char *name, int width, int height, int bytes, uint flags)	Appends an entry and allocates its pixels. No callers
004c9ff0	function	texture_create_transient	TextureImage * __fastcall (char *name, int width, int height, int bytes, uint flags)	Makes or remakes an entry kept in memory only
004ca120	function	texture_commit	void __fastcall (TextureImage *image)	Builds a new texture's mipmaps if flagged, keeps its pixels, in memory when transient, else appended to the file with the directory rewritten, and uploads it
004ca2b0	function	texture_release	void __fastcall (TextureImage *image)	Drops a use; the last frees the pixels
004ca320	function	textures_unload	void __fastcall (void)	Frees the pixels of every texture in use
004ca370	function	textures_reload	void __fastcall (void)	Reads and uploads the pixels of every texture in use again
00494a30	function	texture_require	TextureImage * __fastcall (char *name)	texture_find, asserting Could not find image %s on a miss
005e83d0	data	texture_cache_header	TextureCacheHeader	
005e83e0	data	texture_cache	TextureEntry[1000]	
00622e60	data	texture_cache_file	FILE *	
004c85b0	function	image_pixel_count	int __fastcall (TextureImage *image)	Pixels in all of an image's levels; sets levels to 1 without mipmaps
004c8600	function	image_convert	void __fastcall (TextureImage *image, PixelFormat *format)	Converts an image's pixels to another format, through the palette for indices
004c8e70	function	image_build_mipmaps	void __fastcall (TextureImage *image)	Converts an image to 32 bits and appends its mipmap levels, down to a smaller side of 2
004c9840	function	image_adjust	void __thiscall (float brightness, float contrast)	Converts the image in ECX to 32 bits, then scales every byte by 1 + contrast and adds brightness times 256
004c3430	function	pixel_format_set	void __fastcall (PixelFormat *format, uint index, uint alpha, uint red, uint green, uint blue)	A format from masks: 4 bytes a pixel with a bit above 15, else 2 with one above 7, else 1
004c33e0	function	pixel_format_shifts	void __fastcall (PixelFormat *format)	Each channel's shift and loss from its mask
004ca9b0	function	SR_TGA_get_palette	void __fastcall (byte *tga, byte *palette)	Copies the first 256 colour map entries of a colour-mapped TGA, as red, green, blue
004cacb0	function	SR_TGA_allocate_palette	byte * __fastcall (char *name)	Loads an 8-bit TGA and returns its palette
004cb9d0	function	SR_CCB_load	void * __fastcall (char *name)	Loads a colour cube: a palette and a 64x64x64 table of indices
004a4070	function	static_lights_mark	void __fastcall (void *model)	Sets part flag 0x40 on the parts of each class, damaged or not, that holds a static light: an attachment of kind 4 with a range and no blinking
004a4310	function	static_lights_bake	void __fastcall (void *model)	Bakes each static light into the meshes of every level of the parts of its class
004a4130	function	static_light_bake	void __fastcall (void *part, int level, void *light)	Adds a static light to the baked colours of a part's level
004c4f30	function	light_create	void * __thiscall (float x, float y, float z, float pitch, float yaw, float roll)	Allocates a light object, 0xDC bytes, at a position and turned by three angles; the caller sets its kind and the rest
004c3490	function	SR_object_concate_parents	void __fastcall (void *object)	An object's place in the world at +0x4C and +0x70: its own, after its parent's, once a frame
004a3040	function	mesh_build	void * __fastcall (void *model, void *part, int level)	A part's mesh for one level of detail: a group with a material of its own for each run of faces with the same shading and material
004c4440	function	mesh_create	void * __fastcall (int polygons, int vertices, int indices, uint flags)	Allocates a mesh, zeroed
004c4bd0	function	mesh_object_create	void * __fastcall (void *levels, void *mesh, uint flags, char *name)	A scene object of type 1 showing a set of levels (count, distances, meshes) or, without one, a single mesh; its face mask starts all ones, and it takes colours of its own when the mesh has flag 0x1000
004c3c50	function	SR_mesh_set_poly_flags	void __fastcall (void *mesh, byte keep, byte set)	Each polygon's flags become flags & keep | set. No callers
004a3cb0	function	cloak_mesh_build	void * __fastcall (void *model, void *part, int level)	The mesh the cloak effect draws for a part's level: one surface, textured by coordinates from the normals, lit on hardware, added
004c3e30	function	SR_mesh_calc_vertex_normals	void __fastcall (void *mesh)	Each vertex normal as the normalized sum of the planes of the polygons using it
00524976	data	loadout_ship_models	byte	Set while the loadout screen loads the ship models: mesh_build looks up their textures as g and the material's name
00524977	data	loadout_weapon_models	byte	Set while the loadout screen loads the missile and gun models: mesh_build looks up their textures as r and the material's name
005959f4	data	model_multiplayer_ship	byte	Set while model_load loads a ship type's model in a multiplayer mission, which then gets the cloak mesh sets
00582e8c	data	multiplayer_mission	byte	Unverified: set for missions 81 to 85 and 87, which look like the multiplayer maps, and by the Zone launcher's status
004c78a0	function	sr_render	int __fastcall (void)	Draws a frame with sr_draw_layers, then counts it and its time
004c7960	function	sr_draw_layers	int __fastcall (void)	Begins the scene; for each layer, runs each object through its pipeline and the device, then sorts and flushes the layer's blended polygons; ends the scene
004c75c0	function	SR_meshpipe_init	int __fastcall (void *object)	Culls, projects and lights a mesh object's vertices for the frame; non-zero when nothing is left to draw
004c4db0	function	sprite_set_create	void * __fastcall (int count, uint flags, char *name)	A scene object of type 4 holding sprites that share a material: mesh coordinates, unlit, added, no texture until given one; each spans its whole texture
004ce4d0	function	SR_bmopipe_init	int __fastcall (void *sprites)	The pipeline for a set of sprites (srBMO.cpp): each sprite's rectangle in view units, those at least a pixel across and in view listed; non-zero when none is
004c7d00	function	SR_object_rotate	int __fastcall (void *object)	An object in the camera's frame: its origin, and its orientation times the camera's transposed, scaled
004c5e20	function	object_view_test	int __fastcall (void *object)	An object's bounding sphere against the view: non-zero when outside it or smaller than a pixel; every clip plane when it crosses a side
004c5fb0	function	object_level_select	int __fastcall (void *object)	Picks a mesh object's level of detail by depth over the detail divisor, and how far it has moved toward the next; then, when clipping, tests the level's bounding box
004c6cf0	function	mesh_list_marked	int __fastcall (void *object)	Lists the vertices mesh_cull marked
004c6710	function	mesh_transform_clipped	int __fastcall (void *object)	Turns the marked vertices into the camera's frame and notes the planes each lies outside
004c6a60	function	mesh_cull_clipped	int __fastcall (void *object)	Drops the polygons wholly outside a plane and notes the planes the rest cross
004c6c00	function	mesh_project_clipped	int __fastcall (void *object)	Lists the vertices still marked and projects those inside the view
004c5dc0	function	screen_clamp	void __fastcall (float *point)	Keeps a projected point within the viewport
004c3ca0	function	SR_mesh_calc_poly_normals	void __fastcall (void *mesh)	Each polygon's plane: its unit normal and the normal's dot product with its first corner
004c3f10	function	SR_mesh_find_bounding_box	void __fastcall (void *mesh)	The mesh's bounding box and its farthest vertex from the origin
004c4090	function	mesh_texel_areas	void __fastcall (void *mesh)	For each polygon of a textured group, twice its area in texture space, in texels
004c4040	function	triangle_area_xy	float __fastcall (Vec3 *a, Vec3 *b, Vec3 *c)	A triangle's signed area in the XY plane
004a2fd0	function	fan_merges	bool __fastcall (void *faces, int face)	Whether a fan's records all have normals within a dot product of 0.999 of its first's, so mesh_build merges them into one polygon
004ce830	function	line_pipe	int __fastcall (void *object)	The pipeline for scene objects of kind 5 (srline.cpp): projects the object's vertices, keeping a clip code for each, and marks each segment whose two ends are off the same side. Dead in the shipped game: nothing creates an object of kind 5, and the driver leaves sr+0x5C null
004ce7b0	function	balls_pipe	int __fastcall (void *object)	The pipeline for scene objects of kind 6 (srballs.cpp): projects the object's place and scales its radius by the perspective. Dead in the shipped game: nothing creates an object of kind 6, and the driver leaves sr+0x60 null
004cd6a0	function	streak_clip	int __fastcall (float *now, float *before)	Cuts a star's streak to the view's bounds; -1 when it lies wholly outside one
004cd340	function	dust_streak_project	int __fastcall (float *now_screen, float *now, float *before_screen, float *before)	Cuts a mote's streak to the near plane, projects both ends, and cuts it to the view
004c3330	function	sr_round	int __cdecl (float x)	x rounded to the nearest whole number
004c6280	function	mesh_cull	int __fastcall (void *object)	Lists each group's polygons that face the camera, with the face mask applied to polygon flags, and marks their vertices
004c6d40	function	mesh_project	int __fastcall (void *object)	Turns the marked vertices into the camera's frame and projects them; depth is sqrt(1/z), scaled
004c7060	function	mesh_light	int __fastcall (void *object)	Vertex colours: the object's colour and ambient lights, baked colours, then point and directional lights, clamped to 1
004c7590	function	mesh_generated_coordinates	int __fastcall (void *object)	mesh_sphere_map for each pass the object's flags 0x200 and 0x400 ask for
004c7360	function	mesh_sphere_map	int __fastcall (void *object, int pass)	A pass's texture coordinates from the vertex normals turned into the camera's frame: 0.5 + 0.5 * x, 0.5 + 0.5 * y
004c7b30	function	depth_sort	void * __fastcall (void *list)	Radix-sorts a layer's blended polygons by depth key, farthest first
004cde40	function	SR_mesh_pointlight	int __fastcall (void *object, void *light)	Adds a point light to the vertex colours: its colour times intensity, the cosine, and (1 - r/R) squared
004ce120	function	SR_mesh_dirlight	int __fastcall (void *object, void *light)	Adds a directional light to the vertex colours: its colour times intensity and the normal's dot product with its forward axis
005e829a	data	detail_divisor	float	Depths are divided by this before choosing a level of detail. mission_frame raises it by 0.05 while frame_time is under 1/40 s and lowers it by 0.5 while over 1/30 s (1/60 and 1/40 at detail 2), within 0.75 to 1.5, 1 to 2 or 1.5 to 3 by the detail setting
005e82f4	data	frame_vertices	int	The vertices of the mesh objects drawn so far this frame; SR_meshpipe_init leaves out an object that would take it past 19999
005e82f8	data	frame_polygons	int	The polygons of the mesh objects drawn so far this frame, likewise limited to 19999
005d5618	data	light_maps	int	Lmaps in the Device section of the settings, default 1: light maps and highlights
004a4e70	function	backdrop_create	void __fastcall (void)	Builds the star fields from space.tga, the dust, the lights and the sun's sprites
004a5930	function	backdrop_free	void __fastcall (void)	
004a5a00	function	backdrop_place	void __fastcall (void)	Aims the sun, the key lights and the dome from the sun marker, and the fill lights and the nebula from the nebula marker
004a5c80	function	backdrop_reset_streaks	void __fastcall (void)	Makes every star field take this frame as its last, so a cut draws no streaks
004a5cd0	function	backdrop_frame	void __fastcall (void)	Adds the lights, star fields, dust, sun and lens flares to the scene, placing the flares and sizing the sun's sprites
004adb30	function	scene_add	void __fastcall (void *object, int layer)	Pushes an object onto its layer's list, lights onto list 3 and type 8 onto list 4; mission_frame empties the lists each frame
004c4200	function	object_unlink	void __fastcall (void *object)	Takes an object out of whichever scene list holds it
004c42c0	function	SR_object_add	void __fastcall (void *object)	Pushes an object onto the list its type names. No callers
004c5240	function	stars_create	Stars * __fastcall (int count)	A star field: untextured, lit and added
004c5380	function	stars_project	int __fastcall (Stars *stars)	Projects a star field for the frame, with last frame's positions for streaks; non-zero when none shows
00498450	function	nebula_dome_software	void __fastcall (void)	The software renderer's sky dome: a 20x10 band at radius 1000
00498810	function	nebula_dome	void __fastcall (void)	The sky dome: a 15x8 band at radius 5000, coloured from starref12.tga
00498b30	function	nebula_create	void __fastcall (void)	Builds the sky dome and both nebula patches
00498c80	function	nebula_free	void __fastcall (void)	
00498d00	function	nebula_select	void __fastcall (void)	Shows the nebula nebula_requested names: its texture, its fill light colour, and the smaller patch for nebula 5
00498e10	function	nebula_frame	void __fastcall (void)	Centres the dome and the nebula on the camera and adds them to the background layer
00498ea0	function	sky_patch_create	void * __fastcall (void *texture, int columns, float radius, float pitch_min, float pitch_max, float yaw_min, float yaw_max, int rows)	A textured patch of a sphere around the camera: unlit and added
00469c60	function	environment_effect_set	void __fastcall (int effect, char on)	Sets or clears an environment effect's bit and runs its handler; Ice Field and Planet Bombard have none
00469d30	function	environment_update	void __fastcall (void)	Applies a pending nebula choice, object flag 0x400 changes and environment effect changes
004cabe0	function	SR_TGA_allocate_raw	byte * __fastcall (char *name)	A TGA's pixels, top row first; 24-bit ones widened to 4 bytes
004cad60	function	SR_TGA_rle_uncompress		
004c1940	function	mat3_look_at	void __fastcall (float *m, Vec3 *from, Vec3 *to, float roll)	An orientation whose forward axis points from one point to another: turned about Y, then X, then rolled
004c2190	function	mat3_turn_y	void __thiscall (float angle)	Turns the matrix in ECX about Y
004c2100	function	mat3_turn_x	void __thiscall (float angle)	Turns the matrix in ECX about X
004c2220	function	mat3_turn_z	void __thiscall (float angle)	Turns the matrix in ECX about Z
004c3200	function	sr_atan2	float __cdecl (float y, float x)	The angle whose tangent is y / x, from a table
00595a30	data	star_fields	Stars *[100]	
00595bc8	data	star_field_count	int	
00595a28	data	space_dust	Stars *	
005959fc	data	light_key_01	void *	The key light for models whose objects list components (mask 0x01)
00595bcc	data	light_fill_02	void *	The fill light for models whose objects list components (mask 0x02)
00595bd4	data	light_ambient_04	void *	Ambient, 0.04 (mask 0x04)
00595bd0	data	light_key_08	void *	The key light for the other models (mask 0x08)
00595a00	data	light_fill_10	void *	The fill light for the other models, at 0.7 (mask 0x10)
00595bd8	data	light_ambient_20	void *	Ambient, 0.09 (mask 0x20)
00595be0	data	sun_direction	Vec3	
00595a04	data	sun_sprites	void *[9]	sunlayer1, sunlayer3, six lens flares, sunlayer2
0058a6a4	data	sky_dome	void *	
0058a6a8	data	nebula_patch	void *	
0058a6ac	data	nebula_patch_small	void *	Nebula 5's
0058a100	data	nebula_shown_patch	void *	
0058a6b8	data	nebula_requested	int	Set by SetEnvironmentFXNebula, shown by environment_update
0058a6b4	data	nebula_shown	int	
00504000	data	nebula_fill_colours	float[21]	Red, green and blue for each of the seven nebulae
004ff808	data	environment_effects		Thirteen 32-byte entries: switch-on and switch-off handlers, then a name
005db8e8	data	timer_ticks	uint	Every tick of the timer, the paused ones included; tick_timer advances it before it looks at paused
00587cb0	data	paused_ticks	int	Ticks game_tick has skipped while the game is paused
00588718	data	simulation_counter	int	game_tick calls since the simulation step last did its work, which it does on the fourth
00562ffc	data	simulation_turn	int	The object whose orientation simulation_step orthonormalizes this step; moves on by one each step and goes round the live objects
00499540	function	node_mount_glow	void __fastcall (void *node, ShpAttachment *attachment)	Makes an engine glow node, kind 2, for an attachment of kind 2: its mesh is the Engine Mesh, and its cull radius the largest of the attachment sizes
00499730	function	node_mount_light	void __fastcall (void *node, ShpAttachment *attachment)	Makes the nodes of a light attachment (kind 4): kind 3, its two sprites, where the attachment has a width; kind 5, a point light, where it blinks and has a brightness
00476c90	function	node_tree_update	void __fastcall (ModelNode *root)	Once each simulation step for each live object, before the objects move: walks from the root into children that are animating (flag 0x800), not hidden and not flagged 0x80. Each node commits a pending next place (the 0x48-byte block at +0x5C over +0x14, clearing flag bit 0 and setting bits 1 and 2), moves its track time on by its speed in its mode (1 once, 2 looping, 3 back and forth), poses it with node_animate, and sets off the events whose times it passed
00499f40	function	node_animate	void __fastcall (ModelNode *node, float at)	Sets a node's animated offset and angles from its part's animation track at a time, taken between the keyframes either side of it, or from the last where the time runs past them; a node whose track index is past the part's tracks takes none. Then node_place works its place out
0049a140	function	node_place	void __fastcall (ModelNode *node)	Works a part node's next place out in the frame of the node it hangs from, from its pose: the track's angles, less those about the axes the part flags at +0xC8, plus the turret's at +0xDC, and the track's offset. The part's origin plus the offset, less the origin of its parent's part or the object's centre, turned about the part's mount point by the transpose of its orientation times the angles' turn times its orientation. Sets flag bits 0 and 3
004697d0	function	engine_glow_create	void __fastcall (void *node)	Gives an engine glow node its mesh object: the mesh engine_glow_meshes holds for its attachment's id, clamped to 1 to 7
00469400	function	engine_glow_mesh_build	void * __fastcall (int kind)	Builds one of the seven engine glow meshes: a unit quad across the nozzle on the kind's matflarea texture, then three blades a unit long, 60 degrees apart about the plume, on its matflareb one; both added and unlit, every polygon biased 10 nearer, and the texture taken from 0.04 to 0.99
00469620	function	engine_glows_build	void __fastcall (void)	Takes the fourteen flare textures into engine_glow_flares, builds the seven meshes into engine_glow_meshes, and sets engine_glows_built; does nothing once built
00469770	function	engine_glows_free	void __fastcall (void)	Frees the seven engine glow meshes and clears engine_glows_built
0054ea18	data	engine_glow_meshes	void *[8]	The engine glow mesh for each attachment id, which the glow reads at id clamped to 1 to 7; slot 0 is unused
0054ea38	data	engine_glow_flares	void *[8][2]	The flare textures each glow wears, read at its attachment id clamped to 1 to 7: matflarea1 to matflarea7 for the nozzle quad, matflareb1 to matflareb7 for the blades; slot 0 is unused
0054ea78	data	engine_glows_built	char	Set once engine_glows_build has made the glow meshes, so that it makes them only once
00562df4	data	skull_count	int	The pilot's kills over the campaign, which kills_add counts and the display's skull readout shows. The end of a mission the player comes through keeps it in skull_count_kept and promotes the pilot by it (mission_end_record); WinMain puts it back from there before each single-player mission, undoing a failed attempt's kills; a new pilot starts it from 0 (0x004751B0)
00412b20	function	player_jump	void (void)	JUMP DRIVE, while 0x00588394 is 0: when the mission has a jump or a warp ready (jump_ready, warp_ready), clears it and posts player_ready_to_jump or player_ready_to_warp
00415370	function	player_ecm_set	void __fastcall (bool on)	Turns the player's ECM on or off, when the ship carries one (ecm_state not -1): object flag 0x4000000 and ecm_state
004153e0	function	player_cloak_set	void __fastcall (bool on)	Cloaks or uncloaks the player's ship through object_set_cloak, outside a multiplayer game, when its model can cloak (header flag 2) and cloak_state is not -1
00416310	function	order_eject_player_init	ObjectRoutine	The init of order 118, Eject Player: marks the ship ejected (object flags 0x808), sets mission_ending to 8, sets player_ejected and starts the eject marker's flash
00428410	function	palette_to_vfx	void __thiscall (byte *palette, float brightness)	Makes VFX's global palette of a palette of 6-bit levels at a brightness, under the hardware renderers or on a pane of more than 8 bits: at a brightness of 1 each level is shifted up by two
00482f50	function	hud_icon_lit	bool __fastcall (int icon)	Whether ShowHudIcon has an icon lit this frame: state 1 always, state 2 for the first 50 ticks of every 100, the count carrying what runs past 100 over
00482fa0	function	hud_jump_prompt	void (void)	Flashes the warp icon (shape 0xC9) or else the jump icon (0xCE) above the middle of the screen while warp_ready or jump_ready says one is ready; the frame one becomes ready (1) it moves it to 2 and starts the flash
004830b0	function	hud_eject_marker	void (void)	Flashes shape 0xC2, the pilot rising out of the ship, under the middle of the screen while player_ejected is set or ShowHudIcon lights icon 5
00484260	function	hud_free	void (void)	Frees what hud_init allocated and clears the flag that lets it run again; the device's teardown calls it
00489250	function	hud_scanner	void (void)	While scanner_object names an object, draws shapes 0xD1 to 0xD5 in turn at the middle of the screen, moving on once game_ticks is past hud_scanner_next
00489350	function	hud_ship_status	void __fastcall (int slot, int mode, void *pane, int x, int y)	The ship status indicator: a ship's schematic (type_data shape 0), the quadrants hits have worn flashing on it as shapes 1 to 4, and its shields and armour as two rings of four arcs, five shapes each, the shields' 0x99 to 0xAC outside, the armour's 0x85 to 0x98 inside, each level the quadrant over shield_power or armor_class, cut down, less one, and an invulnerable ship's armour (2 * level + 6) / 3. Mode 0 draws the player's own ship, with its ship_status_hits for a type of the small target display and the arcs of what SHIELD BALANCING shifted. Mode 1 draws the target in the target display's small form: for a type of the small form its schematic and target_status_hits, mirrored across unless the type is hostile, and its arcs mirrored with left and right swapped. A comms relay or a deathmatch beacon has no arcs, and a stand-in target closes window 3
0048b6b0	function	hud_target_keys	void (void)	The targeting and missile keys, which frame_controls runs after the camera's: TARGET TORPEDO, the nearest and next targets, the subtargets, TARGET UNDER RETICULE, MISSILE WINDOW, the missile ring, and SMART TARGET, which flips smart_targeting
0048cc30	function	hud_subtarget	void (void)	The subtarget: walks the target's assembly by link_id. Not read in full
0048ce70	function	hud_beep	void __fastcall (int sound)	Plays the display's sound n, sample 15 + n of bank_stdsmp, while the camera is in one of the four cockpit views; 4 and 5 are a device turning on and off
0048d590	function	hud_palette_ramp	void __fastcall (uint rgb)	Sets entries 1 to 15 of VFX's global palette, or on an 8-bit pane menu_text_remap, to a ramp of a colour: entry i is the colour times i/15 times palette_ramp_brightness. The pause menu's text draws with them
0048d780	function	hud_colour	uint __fastcall (int red, int green, int blue)	A colour as the display's pane holds one: looked up through the renderer's 6-6-6 table on an 8-bit pane, or shifted into the pixel format
00494890	function	hud_interference_start	void (void)	Sets hud_interference to 0.3 and, no more than every 15 to 29 ticks, plays sound 12 at the player's ship through 0x00482160. Called from 0x00463EE0 and 0x004641F0
004948f0	function	hud_interference_fade	void (void)	Lowers hud_interference by 0.005 for each tick since it last ran, to nothing
004960f0	function	missiles_update	void (void)	Once a frame after the objects are framed: runs each live missile's order update; within its flight time tests it for contact (missile_collide) and, with none, frames and draws it by its throttle and sets missile_homing (+0x64C) on its target, with no decoy, but not for a player's Screamer outside multiplayer; past its flight time ends it. Then each trail's updates by its look's flags. In multiplayer, drops the target of a player's missile whose lock broke and ends one whose launcher is gone
0052a3f0	data	jump_ready	int	Whether the mission has a jump ready for JUMP DRIVE: 1 when it becomes ready, 2 once hud_jump_prompt shows it; player_jump clears it
0052a3f4	data	warp_ready	int	As jump_ready, for a warp, which the prompt shows first
005656a8	data	hud_shapes	void *	The display's shapes: hudhard.spr under the hardware renderers, hudsoft.spr under the software one
00566558	data	hud_icons	int[40]	ShowHudIcon's table: twenty icons, each a state (0 off, 1 on, 2 flash) and the count its flash is at. hud_init turns them off; the display reads icons 0 to 5
00566620	data	spectral_shields_charge	int	The spectral shields' charge in ticks, 6000 when full: it drains 6 a tick while they are on and fills 1 a tick while off; hud_draw turns them off when it runs dry
00566638	data	cloak_state	int	-1 when the player's ship has no cloak, else 0 off and 1 on. The mission's start sets 0 for a ship whose model can cloak; object_set_cloak sets it for the player
0056663c	data	cloak_charge	int	The cloak's charge in ticks, 10000 when full: it drains and fills 1 a tick, outside a multiplayer game; hud_draw uncloaks the ship when it runs dry
005665f8	data	ecm_charge	int	The ECM's charge in ticks, 2000 when full: it drains and fills 1 a tick; hud_draw turns the ECM off when it runs dry
00566790	data	hud_prompt_ticks	int	The count hud_jump_prompt flashes by
005667b0	data	hud_scanner_next	int	The game tick after which hud_scanner moves on a frame
00566f8c	data	blind_fire_fitted	int	Whether the player's ship carries blind fire, which the mission's start decides by its type
00569718	data	hud_brightness	float	The brightness hud_draw makes VFX's global palette at: 1, which hud_init and Jump In's end set and nothing changes
00569938	data	hud_eject_ticks	int	The count hud_eject_marker flashes by, which order_eject_player_init starts again
0056996c	data	smart_targeting	ushort	Smart targeting, which SMART TARGET flips (hud_target_keys)
00579986	data	player_ejected	ushort	Set by order_eject_player_init; while it is, hud_eject_marker flashes
00579988	data	enemy_lock	int	Set by mission_frame when a ship whose order is Fight against the player has byte 0x2F of its fight state set; lights the display's lock warning. Unverified: that the byte is a missile lock
00579990	data	blind_fire	int	Blind fire, which TOGGLE BLINDFIRE flips on a ship that carries it; hud_init and the mission's start turn it on
0057bc34	data	hud_scanner_frame	int	The frame of five hud_scanner draws
0057bc3c	data	dm_icons	void *	dmicons.spr, or soft_dmicons.spr under the software renderer, which hud_init loads. Unknown: what draws it
0057bc44	data	hud_warning_ticks	int	The count the lock and missile warnings flash by, which the two share
0057bf20	data	spectral_shields_state	int	-1 when the player's ship has no spectral shields, else 0 off and 1 on. The mission's start sets 0 for the Nagi, the Crusader, the Tempest and the Shroud
0057bf4c	data	ecm_state	int	0 when the ECM is off and 1 when on; the mission's start sets 0, so every ship carries one. -1 would be none
0057e048	data	cockpit_frame	void *	The model of the cockpit's frame, which the mission's start loads by the player's ship type
0057e060	data	scanner_object	int	The object the Scanner command has the player look for, or -1: hud_scanner draws while it names one, and mission_frame beeps at an interval of 10 to 200 ticks that it works out from the object's distance and bearing
00587cd0	data	hud_interference_sounded_at	int	The tick hud_interference_start last played its sound at, which it plays again only once more than 15 ticks and a random share of 15 more have passed
00588728	data	hud_interference_faded_at	int	The tick hud_interference_fade last lowered hud_interference at, which it lowers by 0.005 a tick since
00588700	data	hud_interference	float	How much the display is shaken: while above 0, hud_draw draws its shapes with hud_blit. hud_interference_start sets 0.3 and hud_interference_fade lowers it
0059548c	data	vfx_line_draw	void *	VFX_line_draw, looked up out of the VFX library
00595498	data	vfx_shape_multilookaside	void *	VFX_shape_multilookaside, looked up out of the VFX library
005957a4	data	hud_pane	void *	The VFX pane the display draws into
005957a8	data	vfx_shape_translate_draw	void *	VFX_shape_translate_draw, looked up out of the VFX library
005957c0	data	vfx_return_global_palette	void *	VFX_return_global_palette, looked up out of the VFX library
005957d0	data	vfx_init_global_palette	void *	VFX_init_global_palette, looked up out of the VFX library
005959e4	data	vfx_shape_draw	void *	VFX_shape_draw, looked up out of the VFX library
00594748	data	vfx_shape_draw_mirrored	void *	VFX_shape_draw_mirrored, looked up out of the VFX library
00594434	data	vfx_shape_bounds	void *	VFX_shape_bounds, looked up out of the VFX library
00594538	data	vfx_shape_origin	void *	VFX_shape_origin, looked up out of the VFX library
00594540	data	vfx_shape_resolution	void *	VFX_shape_resolution, looked up out of the VFX library
00595070	data	vfx_pane_wipe	void *	VFX_pane_wipe, looked up out of the VFX library
00490dc0	function	language_init	void (void)	Loads language.dll and reads its string table with LoadStringA, from id 1 up to the first id with no string or an empty one, into language_strings; then reads the module's version language into 0x00563A14
00491030	function	language_string	char * __fastcall (int id)	The string of an id out of language_strings; stops the game with the fatal error 'id out of range' for an id past them
0041b240	function	launch_reliant_run	void __fastcall (int slot)	The Reliant's launch, a step each time its wait has passed: the engine, the cutaway and the upper door; the retainer lowering the player's ship and letting go; the lower doors opening; the drop by motion_downward with the date typed; the cutaway ending; flying ahead again; at the end the cockpit mode from its setting, view 0 again, the order popped, targetable, Launched posted
00491e20	function	game_pause	void __fastcall (bool pause, bool quiet)	Pauses or resumes the mission. Pausing sets paused, holds the frame timing, pauses the voices, hands sr + 0x88 pause_menu_draw in place of hud_draw, opens the menu and, in a session unless quiet, sends the pause; resuming undoes it, puts hud_draw back and, if cockpit_mode_setting changed meanwhile, switches to view 0. The music goes on
004aab20	function	message_pump	int (void)	Pumps the window's messages; as the window goes inactive, pauses the music, the 3D voices and the voices and the mission (game_pause) and waits until it is active again, when the sound goes on; 0 on WM_QUIT
005d6cac	data	app_active	bool	Whether the renderer runs: renderer_start sets it and 0x004AD3E0 clears it. The message pump pauses only while it is set
005d6cad	data	app_inactive_paused	bool	Whether message_pump has paused the game for the window going inactive
0057dbbc	data	language_strings	char **	The strings language_init reads, by id less one
0057dbc0	data	language_count	int	How many strings language_init read
0057dbc8	data	language_module	void *	language.dll, as LoadLibraryA loads it
0051d5f0	data	options_cockpit_setting	int	The options screen's cockpit setting, which it copies to cockpit_mode_setting and writes to the ini as [Device] View
00488b30	function	hud_damage_bar	void __fastcall (void *pane, int x, int y, float level)	A bar of the damage display at x, y for a level from 0 to 1: shape 0xE0 whole, then shape 0xDF at the same place in hud_bar_pane, whose left edge stands a pixel before round(77 * level) along the bar, so that the red shows past the level
00488bd0	function	hud_radar	void (void)	The radar: the display's nav point, and each object but the display's own ship that is targetable and not exploding, disabled, ejected or a cloaked hostile, within radar_reach of the range radar_range picks; each placed by its offset in the display ship's frame, times radar_scale and 66 across, 43 ahead as up the screen and 30 for the height, which lowers the dot, kept off the screen's last row; into radar_contacts. Then those level with the rings' plane or below it, the rings, hud_radar_rings, at hud_place(1, -51, 0.5, 1) less (0x42, 0x20), and those above it: each a line of pixels a pixel right of its dot to the plane, in palette entry 0xFF for the player's target, 0xFD for the object the radio's window names while it is open, 0x26 for a hostile and 0x62 otherwise, and shape 0x130, 0xE6, 0xE5 or 0xE4 2 right of its dot; the nav point a cross of four pixels in the palette's nearest white
004892f0	function	hud_radar_zoom	void (void)	While radar_zooming, steps hud_radar_rings a shape toward radar_zoom_rings, down if radar_zoom_down: whenever game_ticks is short of radar_zoom_next, which it puts 50 ahead as it steps, so once each frame the radar is drawn
0048b510	function	hud_window_open	bool __fastcall (int window)	Starts a display window opening, not held, if it is shut, and gives it its full time to stay whatever its phase. In a multiplayer game windows 2, 9 and 10 do not open. Returns whether the window is up
0048b590	function	hud_window_close	void __fastcall (int window)	Starts a display window that is open or opening closing, from its full size, and lets go of it; for windows 3 and 8, the target display, first draws what they show into hud_window_picture, which they close with
00486830	function	hud_window_draw	void __fastcall (void *pane, int window, int x, int y)	Draws a display window with its place at x, y: in the view ahead its frame, pieces of hud_window_pieces, then what it shows, by a switch on the window
005883c0	data	gunnery_wire_frame	int	The gunnery window's wire frame of the player's ship, a shape of the display's set, which mission_start picks by the ship type, -1 for none; the shapes after it light each group of guns
00501d30	data	hud_windows	byte[600]	The display's fifteen windows, 40 bytes each: the phase (0 shut, 1 opening, 2 closing, 3 open), the place as fractions of the screen at +0x04 and +0x08, the frame's piece count at +0x0C and their numbers from +0x0E, the ticks left at +0x18 and to stay at +0x1C, how far it has opened, to 60, at +0x20, and whether it is held open at +0x24
00501f88	data	hud_window_buffer_places	float[15][4]	For each display window, where its place falls in hud_window_pane as it opens and closes, a fraction across and down
00502078	data	hud_window_pieces	byte[28][20]	The pieces of the display windows' frames, 20 bytes each: a shape of hud_shapes, its offset from the window's place as two floats, cut to whole numbers when drawn, and at +0x0E and +0x10 the VFX_shape_draw_mirrored mode, 1 across and 2 down
0057998c	data	hud_window_pane	void *	The 225 by 170 pane hud_init makes, which hud_draw draws a display window into as it opens and closes and then draws onto the display with VFX_buffer_transform, scaled about the window's place
00566600	data	hud_window_picture	void *	A second 225 by 170 pane, the picture of the target display hud_window_close keeps for windows 3 and 8 to close with
0051cef8	data	powerball_held	short	Set while POWERBALL WINDOW is held, and for the frame its locked form opens the power window; the player's controls read it
00501cc8	data	hud_missile_ring	MissileRingEntry[10]	The missile window's ring, an entry of five halfwords for each missile type the player's racks hold: the count left, or -1 for none, its place round the ring, 0 the armed one at six o'clock, the first of its ten shapes, its name's text id, and its type
00504120	data	mission_objectives		The objectives of each mission, ten to a mission from mission 1, each its state and the string that names it, which the objectives window shows
0056997e	data	objectives_shown	short	Which of the mission's objectives the objectives window shows, which OBJECTIVES WINDOW pages through while the window is open
00562dc8	data	mission_number	int	The number of the mission being flown, from 1, by which the objectives window finds its objectives; missions 25 and 29 have display rules of their own
0056569c	data	hud_target_x	int	Where hud_target's lead cursor stands across the screen, or -1 while none is drawn
005656a4	data	hud_target_y	int	Where hud_target's lead cursor stands down the screen, or -1 while none is drawn
00566550	data	target_under_reticle	byte	Set while the target stands within 0x10 of the middle of the screen either way, or while blind fire aims at it; the reticle is then drawn bright (0xD8)
00566628	data	hud_sight_x	int	Where blind fire's sight stands across the screen: on the target while blind fire aims at it, gliding back to the middle a pixel a tick otherwise. hud_init puts it at the middle
0056662c	data	hud_sight_y	int	Where blind fire's sight stands down the screen, as hud_sight_x
0056664c	data	hud_target_dx	int	How far the target stands right of the middle of the screen
00566648	data	hud_target_dy	int	How far the target stands below the middle of the screen
0057bc50	data	hud_radar_rings	int	The radar's rings: one of shapes 0x161 to 0x16B, 0x161 one ring, 0x166 two and 0x16B three, the ranges' own; 0x16B from hud_init
00569714	data	radar_zooming	int	Set while the radar's rings move to a new range's, which RADAR RANGES starts and hud_radar_zoom ends; RADAR RANGES does nothing meanwhile
005799b4	data	radar_zoom_rings	int	The rings shape the radar's rings stop at: 0x161, 0x166 or 0x16B for the range
005656ac	data	radar_zoom_down	int	1 when the radar's rings step down toward radar_zoom_rings, which they do only to range 0
005656a0	data	radar_zoom_next	int	The tick hud_radar_zoom steps while game_ticks is short of, which RADAR RANGES and each step put 50 ahead
0057be00	data	radar_range	short	The radar's range, 0 to 2, 2 from hud_init, which sets the scales the objects are placed by
00566548	data	hud_speed_lit_pane	void *	The VFX pane the speed arc's lit shape (0xB8) is drawn into, cut off above the speed marker each frame
00569930	data	hud_speed_unlit_pane	void *	The VFX pane the speed arc's unlit shape (0xB9) is drawn into, cut off below the speed marker each frame
0057bf38	data	hud_charge_lit_pane	void *	The VFX pane the charge arc's lit shape (0xF9) is drawn into, cut off above the guns' charge each frame
005799c8	data	hud_charge_unlit_pane	void *	The VFX pane the charge arc's unlit shape (0xF8) is drawn into, cut off below the guns' charge each frame
0057bc54	data	hud_object	GameObject *	The object the display shows, game_objects[0x005883AC], which hud_draw takes each frame
00569928	data	hud_flip_buffer	void *	hud_init's 'flip buffer', 0x19000 bytes, which hud_blit and VFX_shape_draw_mirrored draw a shape into first
005799c4	data	hud_work_buffer	void *	hud_init's 'work buffer', 0x19000 bytes
00566f88	data	hud_work_buffer2	void *	hud_init's 'work buffer2', 0x19000 bytes
00595494	data	vfx_pixel_write	void *	VFX_pixel_write, looked up out of the VFX library
00595180	data	vfx_buffer_transform	void *	VFX_buffer_transform, looked up out of the VFX library
005959e8	data	vfx_pane_construct	void *	VFX_pane_construct, looked up out of the VFX library
00595284	data	vfx_shape_lookaside	void *	VFX_shape_lookaside, looked up out of the VFX library
005883f4	data	cockpit_object	GameObject *	The cockpit's object, which the mission's start makes of cockpit_frame's parts, each drawn always from its finest level and lit through light mask 0x12, and hangs from the camera's frame; camera_frame moves it, and mission_frame draws its first two parts over the world in cockpit mode 1
005883bc	data	radar_backing	void *	The radar's backing, 'radaralpha': a quad under the radar, a black disc at three quarters, standing in the camera's frame 1000 ahead, which mission_frame draws with the cockpit unless DISPLAY KILLS is held
00588328	data	radar_backing_mesh	void *	The radar backing's mesh: four corners from 65 left of the middle to 67 right and 32 either side of the radar's height, unprojected to 1000
005636e0	data	cockpit_recoil	float	The guns' kick on the cockpit's hands: 1 as the player's guns fire, a twentieth less each frame; camera_frame moves the hands back 30 times it
00476270	function	object_apply_knocks	void __fastcall (GameObject *object)	Applies the knocks taken since the last move and clears them: the impulse over the mass to the velocity, and the angular impulse, through the inverse inertia tensor, to the rotation and the angular rates
004763c0	function	object_knock	void __fastcall (GameObject *object, Vec3 *force, Vec3 *at)	A push of force at a world point, from a collision or an explosion: adds the force to the impulse and force × lever to the angular impulse
00476430	function	object_knock_local	void __fastcall (GameObject *object, Vec3 *force, Vec3 *lever)	object_knock with the force in the object's frame and the lever given directly; the Disrupted order pushes a ship with it
004c1120	function	vec3_cross	void __fastcall (Vec3 *out, Vec3 *a, Vec3 *b)	out = a × b
004c10f0	function	vec3_divide_by	void __thiscall (float d)	Divides the vector in ECX by d, by multiplying it by 1 / d
004c2610	function	mat3_from_axes	void __fastcall (float *m, Vec3 *z, Vec3 *x)	Builds m from a Z axis and an X axis: Z normalized, Y = normalize(Z × X), X = Y × Z
004c2690	function	mat3_orthonormalize	void __fastcall (float *m)	Makes the axes of m unit length and perpendicular again, keeping the direction of its Z axis
004c2740	function	mat3_angles	void __fastcall (Vec3 *out, float *m)	The angles about X, Y and Z that make up m, from sr_atan2
004c2070	function	mat3_determinant	float __fastcall (float *m)	
004ad9f0	function	mat3_inverse	void __fastcall (float *out, float *m)	out = the inverse of m
004c3000	function	sr_tables_init	void __cdecl (void)	Fills atan_table and ease_table, once
004c3140	function	sr_atan	float __cdecl (float x)	The angle whose tangent is x, from atan_table
004c3120	function	sr_ease	float __cdecl (float t)	(1 - cos(t × pi)) / 2 for t from 0 to 1, from ease_table
005de344	data	atan_table	float[4097]	The arctangent of 0 to 1 in steps of 1/4096, for sr_atan and sr_atan2
005e2348	data	ease_table	float[4096]	(sin((i / 4096 - 0.5) × pi) + 1) / 2, for sr_ease
00562ce4	data	player_speed_change	float	How much the player's speed changed in the last object_move; nothing reads it
004744e0	function	motion_downward	void __fastcall (int slot)	The plain flight model along the object's Y axis, which points below it: object_steer without throttle turns, then the velocity through the flight model's inertia toward the throttle times its top speed, the last throttle nothing; a fighter flies by the first ship type's flight model (0x004F9E70). Selected by the Reliant's launch and the Ripper
00474570	function	motion_plain	void __fastcall (int slot)	motion_downward along the object's Z axis, keeping the throttle as the last, the Ripper flying by its own flight model whatever its class: a flight model with no throttle rules or burns. Selected by a torpedo's launch, the Ripper and the landing orders
00474610	function	motion_brake	void __fastcall (int slot)	Slows the object to 0.97 of its velocity each update. Selected by the Eject order
00474640	function	motion_jump_out	void __fastcall (int slot)	Moves the object to the point between the two in its JumpState (+0x5C, +0x68) by the square of 0.004 a tick of mission_ticks since its step began (+0x08), each coordinate eased (0x00426900); no rotation, last throttle nothing. Selected by Jump Out as the ship goes
004746d0	function	motion_jump_in	void __fastcall (int slot)	Flies the object along its nose at 2400 (600 without components), less 0.003 of that for each tick of frame_start since it was placed (JumpState +0x08), but never slower than its cruise speed; no rotation, last throttle nothing. Selected by Jump In as the ship flies in
00416490	function	jump_init	void (void)	Readies the jumps as a mission loads: makes the flare's mesh (jump_flare_mesh), loads the trails' texture (jump_trail_texture), and clears jump_player_going and jump_arriving
00416510	function	jump_free	void (void)	Frees jump_flare_mesh as a mission ends
00417670	function	jump_effect_start	void __fastcall (int slot)	Begins Jump Out's effect as the ship is held still: keeps how the ship is turned and where it stands (+0x18, +0x3C), aims its motion 500000 along the way to its destination (+0x68), and makes its burst behind it, a trail at each attachment of kind 7 (five at most) and a light at each of kind 8 (twenty at most)
00417af0	function	jump_trail_mesh	void * __fastcall (int slot, bool components)	Makes a jump's trail mesh (JumpTrail Mesh): 100 by 100 by 20000, or 1000 by 1000 by 40000 for a ship that lists components, flipped for the Ripper
00417dc0	function	model_show_finest	void __fastcall (ModelNode *node, bool finest)	Sets or clears bit 8 of the scene object flags of each node of a model and of the models mounted on it, which draws them at their finest level
00417e30	function	jump_burst_mesh	void * __fastcall (bool arriving)	Makes a jump's burst mesh (JumpBurst Mesh): six rings of twelve, with the shield texture, for Jump In where arriving and else for Jump Out
00418120	function	jump_flare_object	void * (float width)	A scene object of jump_flare_mesh (Jump flare mesh), scaled to width
00418150	function	jump_burst_fade	void __thiscall (void *burst, float share)	Greys a jump burst's rings by their place times share times 0.1, opaque
004181c0	function	jump_burst_glow	void __thiscall (void *burst, float share)	Lights a jump burst, on the hardware renderers and on the software one apart
00418390	function	jump_trail_stretch	void __thiscall (void *trail, float share)	Stretches a jump's trail, its vertices placed by share times 0.3
00418470	function	jump_mark	void __fastcall (int slot)	Marks an object in the way of a formation's Jump Out as jumping, and in turn each fuel pod (type 0xE1) and each ship whose Launch or Dock names it, but stand-ins and disabled and jumping ones
004184f0	function	jump_out_place	void __fastcall (JumpState *state, int slot)	Where Jump Out takes a ship: in formation behind the player's ship when the player's order is Jump Out at the same target, rows 3000 apart, 150 ahead, clearing its way 500000 ahead (jump_mark); else to its target, or 1e7 ahead
00418850	function	jump_in_place	void __fastcall (JumpState *state, int slot)	Where Jump In brings a ship: abreast of its target where it is drawn, turned as it is, by the order's number 3000 apart to the right and the left in turn
00418900	function	jump_effect_alloc	void * (void)	Allocates a jump's effect record, 0x94 bytes, cleared, into the first free of the 64 jump_effects; null when all are taken
004189a0	function	jump_effect_free	void __fastcall (void *effect)	Lets a jump's effect record go (0x004189D0)
0051cfa4	data	jump_effects	void *[64]	The jumps' effect records, 0x94 bytes each: trails, lights, burst and flare; Jump In stops with Jump has overrun array when all are taken
0051d0a4	data	jump_countdown_step	float	1/15, which order_jump_out_init sets and nothing reads
0051d0a8	data	jump_flare_mesh	void *	The jump flare's mesh, which jump_init makes
0051d0ac	data	jump_trail_texture	void *	The jump trails' texture, which jump_init loads
0051d0b0	data	jump_player_going	byte	Set while the player's ship is on its Jump Out, which gates jump_countdown; jump_init and Jump Out's end clear it
0051d0b4	data	jump_countdown	int	15 from order_jump_out_init, counted down every 10 game ticks while jump_player_going; nothing reads it
0051cfa0	data	jump_countdown_next	int	The game tick past which jump_countdown next counts down
005e82f0	data	jump_arriving	byte	Set while the player's ship jumps in, from Jump In's placing to its flight's end, which cuts the space dust's streaks to a quarter (stars_project); jump_init clears it
00474770	function	motion_follow	void __fastcall (int slot)	Steers toward the point the order state's callback gives and moves toward it, no faster than the order state's speed limit. Selected by the Follow Curve and Dock orders
00474930	function	motion_follow_backwards	void __fastcall (int slot)	motion_follow with the angles to the point negated, for flying tail first
00474b00	function	motion_drift	void __fastcall (int slot)	Slows the object to 0.99 of its velocity each update. Selected by the Jump In order
004124e0	function	power_reach	float __thiscall (float x, float y)	How far the power setting in ECX is toward the direction (x, y): the distance from it to the edge of the power ball's disc, radius 64, going the other way. 128 at the anchor, 64 in the middle
00412560	function	power_distribute	void __fastcall (GameObject *object)	Sets the object's shield, gun and speed factors from its power setting: each system's share of the three reaches, s, gives (1.75 - 0.75 s) s + 0.5
00412d40	function	shield_balance	void __cdecl (float x, float y)	SHIELD BALANCING held: past half-way, the stick's y shifts a quarter of the shield power a step between the fore and aft shields, through their reserves
00413180	function	power_move	void __cdecl (float x, float y)	POWERBALL WINDOW held: moves the player's power setting against the stick by the frame's ticks, keeps it within the disc and distributes the power
00476fc0	function	object_recharge_shields	void __fastcall (GameObject *object)	Each simulation step: each shield gains its full charge times the shield factor and condition over the recharge time, up to the full charge, less what SHIELD BALANCING shifted to the other side for the player
00482de0	function	hud_channel	uchar __cdecl (float x)	A colour channel: x cut to a whole number and kept within 0 and 255
0051cefc	data	shield_balancing_held	short	Set while SHIELD BALANCING is held: the stick shifts the shields instead of steering
0051cf34	data	shield_reserve_aft	float	What SHIELD BALANCING shifted beyond the aft shield's most
0051cf78	data	shield_reserve_fore	float	What SHIELD BALANCING shifted beyond the fore shield's most
00569984	data	power_ball_texture	byte[65536]	powerball.tga, a byte a pixel, each the top 5 bits of the grey
00579e2c	data	power_ball_sphere	ushort[3844]	Where each pixel of the 62 by 62 power ball shows the texture, a sphere mapped onto it
00567f90	data	power_ball_shade	byte[3844]	How brightly each pixel of the power ball is lit, 0 to 63
00566f90	data	power_ball_colours16	ushort[2048]	The power ball's colours in the 16-bit display: 32 for each of 64 levels of light
00568e94	data	power_ball_colours8	byte[2048]	The same for the 8-bit display, as palette indices
004c1050	function	lerp	float __stdcall (float a, float b, float t)	The value t of the way from a to b: (b - a) t + a
004c4190	function	SR_object_init	void __fastcall (void *object)	Clears a new scene object: identity orientations, zero positions, no name
004c43e0	function	SR_light_init	void __fastcall (void *light)	Readies a new light: frame type 2, intensity 1, range 1. It leaves the kind at +0xB4, which a cleared allocation makes 0, a point light
0049a2a0	function	node_mark_animating	void __fastcall (ModelNode *node)	Sets flag 0x800, animating, on a node and every node it hangs from, unless the node has it already
0049a2d0	function	node_play	void __fastcall (ModelNode *node, int slot, float time, int mode, float speed)	Plays on a part node the track its part's loader filed under slot 0 startup, 1 fire or 2 deploy: from time unless it is below zero, in mode, the track's own for -1, at speed a step. Any mode but 0 marks the node animating
0049a340	function	node_play_named	void __fastcall (ModelNode *node, char *name, float time, int mode, float speed)	node_play for the first of the part's tracks with the name, whatever its case
0049b520	function	node_turn	void __fastcall (ModelNode *node, Vec3 *delta)	Turns a node by angles of its own, as a turret turns: adds delta to the angles at +0xDC and marks it animating; about each axis whose limits its part holds (+0xD8 to +0xEC, degrees) keeps the angle within them, or with equal limits brings it round within a half turn
0049a460	function	node_frame_update	void __fastcall (ModelNode *node)	Once a frame: puts a node that a step committed a new place for (flag bits 1 and 2) simulation_counter quarters of the way from that place to the next. A posed node (bit 3) moves between its poses, the angles turning the short way round; any other along the line between and by that share of the turn. Another player's ship in a multiplayer game moves between its last two messages' places instead
0049a880	function	node_tree_frames	void __fastcall (ModelNode *node)	node_frame_update for a node and, in turn, each child that is neither hidden nor flagged 0x80. mission_frame runs it for every object before placing the camera
004c1dd0	function	mat3_copy_transposed	void __fastcall (float *to, float *from)	Copies the transpose of a 3x3 matrix
0047c7b0	function	clip_event_muzzles	void __thiscall (ModelNode *node, int unused)	A track's event of kind 0: runs 0x0047C5F0 for each of the node's children of kind 4, the nodes attachments of kind 3 make at a gun's muzzle
0047c800	function	clip_event_particles	void __fastcall (ModelNode *node)	A track's event of kind 2: for each attachment of kind 7 on the node's part, emits a particle from the template at 0x005636DC at the attachment's place, with a random frame and a quarter of the object's velocity
005635d0	data	allied_huge_gun_trail	ParticleTemplate *	The particles an Allied Huge Gun's shot trails, of particle_pool: 120 to 129 ticks, 12 a tick, a half-size from 700 to 250, blue fading to nothing
0056318c	data	coalition_huge_gun_trail	ParticleTemplate *	The particles a Coalition Huge Gun's shot trails, of particle_pool: 120 to 129 ticks, 12 a tick, a half-size from 500 to 1100, orange fading to nothing
005636d0	data	flak_pool	void *	The pool a flak shell's burst sends its particles into: 1000 over gunflare partic7, blended by alpha
00563104	data	flak_particles	ParticleTemplate *	A flak shell's burst's particles, of flak_pool: 150 to 159 ticks, a half-size from 42 to 119, dimming from half grey, a spark one time in 200
00563100	data	case_texture	TextureImage *	gunflare case1, the spent cases' eight cells
0056315c	data	case_pool	void *	The pool a spinning gun's spent cases fly from: 100 over case_texture, showing its own colours, blended by alpha
005636d4	data	case_template	ParticleTemplate *	A spent case, of case_pool: 100 to 109 ticks at a half-size of 15
005636dc	data	case_emitter	void *	The emitter clip_event_particles throws each spent case from: back along its attachment at 10 a tick, strayed up to an eighth across
00466630	function	objects_reset	void __fastcall (void)	As a mission starts: every slot of game_objects gets a stand-in of type 1001, flagged stand_in and not created, every ship type loses its objects and model, and game_object_count goes to 0; loads the atmos texture and empties the planets' atmosphere table
00466740	function	ship_type_load	void __fastcall (ShipTypeEntry *type)	Loads a ship type's model, unless it is loaded already, and its schematic as the type's data, soft\ first for the software renderer
004667f0	function	gun_groups_build	void __fastcall (int type, GameObject *object)	Works out a ship type's gun groups from an object's guns, pairing each with the one nearest its mirror image across the ship, into the type's table at 0x545900 + type * 0x78 and the count at ship_combat_stats + 0x1C
004adce0	function	object_random15	uint __fastcall (GameObject *object)	The object's own random number from 0 to 32767: its seed steps as seed * 0x343FD + 0x269EC3, and bits 16 to 30 of it are the number
00492370	function	object_armor_conditions	void __fastcall (GameObject *object)	Works out the guns' condition (0x66C), the cruise speed's (0x668) and the shields' (0x664) from the armour left in each quadrant; for the player's ship, sounds a warning at most every 500 ticks while a quadrant has lost its shield and half its armour
004770e0	function	guns_step	void __fastcall (GameObject *object)	An object's guns each simulation step: the charge recharges by gun_energy * gun_factor * gun_condition / (seconds * 25) up to gun_energy while +0x148 is zero. Each gun whose trigger is held fires once its interval has passed, drawing Gun.shot_energy from the charge or one of the object's rounds by the type's kind; the guns firing this step share out the charge the step began with. Below a gun_condition of 0.9 a shot goes off only as often as the condition plus a tenth, and blind fire lengthens the interval by 35 in 100
0057e04e	data	cutaway_slot	short	The slot the loops over the objects walk after those handed out, which the mission's start sets to 399
00457cd0	function	mission_ship_create	void __fastcall (MissionShip *ship)	Creates the object of a mission's ship record in the slot of its index: its type, a player's twin from the 14th mission on, its tier and position, turned by the record's angles; nav points and markers too
00452240	function	object_orient_by_record	void __fastcall (GameObject *object, MissionShip *ship)	Turns an object's root to a mission ship record's angles in degrees: yaw about Y, then pitch about X, then roll about Z
004c1ad0	function	mat3_zero	void __fastcall (float *m)	Zeroes a 3x3 matrix
00401710	function	ai_steer_angles	void __fastcall (GameObject *object, Vec3 *direction, float limit, float ease, uint flags)	ai_steer's turns toward a point in the ship's own frame: within 18 degrees of the nose it yaws at it, further off it rolls to bring it overhead, and it pitches once the roll is within 0.8 radians. A ship flying backwards turns toward the other way about
00401690	function	ai_steer_axes	void __fastcall (GameObject *object, Vec3 *direction)	ai_steer's turns for a ship whose flight stats hold a word at +0x24: it pitches and yaws at the point together and never rolls, and yaws hard to one side while the point is behind it
00403090	function	ai_roll_toward	void __fastcall (GameObject *object, Vec3 *at, Vec3 *axis)	Rolls the ship so that axis stands up in its own frame, by ai_steer's measure, while at lies within 0.95 of dead ahead
00465c50	function	objects_collide_parts	void __fastcall (int *a, int *b, int flag)	Tests the ship of a pair against the parts of whichever object lists components, through 0x465380; type 0x83 runs 0x465B40 first
00465ca0	function	collision_damage	void __fastcall (int *a, int *b)	The damage two objects do each other as they collide: a fifth of the closing speed over the lighter one's mass, halved, through each ship's shields and armour at the quadrant the other struck
00468f60	function	collision_extent_compare	int __cdecl (int *a, int *b)	qsort's comparator for the collision sweep: orders the entries by how far each sphere reaches along X, the farthest first
00464e80	function	collision_impulse	void __fastcall (GameObject *a, ModelNode *a_root, GameObject *b, ModelNode *b_root)	The shove two objects give each other where they meet: how fast the contact point closes between this step and the next, over each object's mass and angular_response, twice it for the bounce, handed to both through object_knock. An attached object, and the Ripper carrying something, take none
004ad8d0	function	node_next_place	void __fastcall (ModelNode *node, Vec3 *position, float *orientation)	A node's next place in the world: its own next place, turned and moved by each parent's in turn
004ad960	function	node_world_place	void __fastcall (ModelNode *node, Vec3 *position, float *orientation)	A node's place in the world: its own, turned and moved by each parent's in turn
004c1c10	function	mat3_add	void __fastcall (float *m, float *by)	Adds a 3x3 matrix into another
004c1160	function	vec3_cross_by	void __fastcall (Vec3 *v, Vec3 *by)	Crosses a vector by another in place
004c2050	function	det2	float __fastcall (float a, float b, float c, float d)	The determinant of a 2x2 matrix: a*d - b*c, which mat3_determinant sums three of
00465380	function	collision_test_hull	undefined4 __fastcall (GameObject *ship, GameObject *hull, int pass)	Tests a ship against the faces of each part of an object that lists components, by the planes the loader keeps past the part record, in place of the sphere test
004a2eb0	function	model_take_chunk	ushort __fastcall (void **out, uint tag, uint size)	Reads the next chunk with this tag from the model file, allocating count records of size bytes and copying min(record size, size) into each; returns the count and leaves the rest zero
0049bef0	function	object_hit_test	void __thiscall (ModelNode *node, void *query)	Tests a query against a node's collision tree, then against each child node that is neither hidden nor 0x80
0049bd30	function	node_hit_test	undefined4 __fastcall (ModelNode *node, void *test)	Descends the collision tree of the node's part with a stack, calling test with each box in the world; a node with faces is a leaf
00465240	function	collision_hull_test	bool __fastcall (void *box, void *query)	The test node_hit_test calls as it descends a hull's tree for objects_collide: the query is a sphere, the box a tree node's in the world, and a leaf's faces are tested where it meets one
00464b30	function	collision_hull_faces	float10 __fastcall (void *leaf, Vec3 *point, float best)	The nearest point of a leaf's faces to a point in the part's frame: each face whose plane the point is in front of, within the best distance so far, has its triangles tested; returns the distance squared
00463ca0	function	damage_quadrant	int __fastcall (GameObject *object, Vec3 *at)	Which quadrant a hit falls in, from where it lies in the object's frame as a share of its bounds: the larger of along and across decides, giving 2 fore, 3 aft, 1 right and 0 left
00463d70	function	damage_by_difficulty	float10 __fastcall (int slot, DamageKind kind, float value)	Scales damage by difficulty outside multiplayer: a kind equal to player_index, a shot in a single-player game, on a hostile object x1.5, x1 or x0.75 from easy to hard; anything on the player ship x0.75, x1 or x1.5, then x0.5
00562f14	data	difficulty	Difficulty	The game difficulty: 0 easy, 1 medium, 2 hard; SET GAME DIFFICULTY starts it at 1 and steps through them
00463e10	function	damage_feedback	void __fastcall (int quadrant, DamageKind kind, float damage)	While force_feedback is set, a hit on the player's ship: a shot starts force_shake and raises hit_shake by 0.05 of the damage while it is below 1, up to 1; any other hit adds 300 times the damage to force_hits on its side and raises hit_shake as much, up to 2
00463ee0	function	object_damage	void __fastcall (GameObject *object, int quadrant, float value, float factor, int attacker, DamageKind kind)	Damage to an object: its shield in that quadrant takes it first, and what passes through times factor wears the armour; kinds 0, 1 and 5 count toward recent_damage. Debris and a jumping object take none
004641f0	function	object_armor_damage	void __fastcall (GameObject *object, int quadrant, float value, int attacker, DamageKind kind)	Damage to an object's armour once the shield is down: the quadrant's armour falls by it, the armour conditions follow, and armour below zero destroys the object
00478360	function	simplex_nearest_point	void __fastcall (int *simplex)	The nearest point of a simplex to the origin, for 1 to 4 points, which the collision code uses for a triangle
00479800	function	object_fit_guns	void __fastcall (GameObject *object)	Fits an object with the guns its model holds: counts them, allocates gun_count records of 0x60 bytes and a word each, then fills them in
00479640	function	object_collect_guns	void __fastcall (GameObject *object, ModelNode *node, int fill)	Walks a node's children for the guns an object carries: an attachment of kind 3 is a gun of the type at the attachment's +0x64, and a turret part takes one by its turret kind. Called once to count and once to fill
00479610	function	part_is_turret	bool __fastcall (ModelNode *node)	Whether a node's part is a turret: its class is 3, 9, 10 or 18
00479160	function	turret_fit_aimed	void __fastcall (GameObject *object, ModelNode *parent, ModelNode *turret)	Fills the next gun record for an aimed turret (kind 1): the parts of the assembly sharing the turret part link id, not hidden, in slots 0 to 4 at +0x38 by their turret slot, slot 1 taking the base where none; the last muzzle; the firing arc of a component part at +0x58; no target; the owner object at +0x34; node flag 0x400 on the base
00479470	function	turret_fit_spin	void __fastcall (GameObject *object, ModelNode *parent, ModelNode *turret)	Fills the next gun record for a spinning gun (kind 2): the assembly parts in slots 0 to 4 at +0x1C, the last muzzle and its gun type, the owner object at +0x30, node flag 0x400 on slot 0
004793a0	function	turret_fit_missile	void __fastcall (GameObject *object, ModelNode *parent, ModelNode *turret)	Fills the next gun record for a missile turret (kind 3): the assembly parts in slots 0 to 4 at +0x38, no target, the owner object at +0x34, node flag 0x400 on slot 0; no muzzle and no gun type
0047b1f0	function	object_fire_guns	void __fastcall (GameObject *object, int ticks)	Holds the trigger of the guns that fire, gun+0x0C becoming frame_start + ticks. With gun_mode.all every gun but a turret of kind 1, otherwise the chosen group's two; a muzzle of gun type 11 is passed over, and so is a ship whose guns are disabled. A ship of type 11 or 255 whose chosen group holds a gun type 11 charges it up in +0x148 instead, shaking the player's view
0047b3d0	function	nova_release	void __thiscall (GameObject *object, char remote, float charge)	Lets a Phoenix's Nova Cannon go, in the first of the eight nova_beams free (none free, nothing): a remote player's at the charge given; below 0.5 the charge is lost. Otherwise the blast sounds, the nc effect plays, the player's beam strikes every object whose box it meets 40000 ahead (object_damage, or nova_strike_parts), and the beam shows 80 ticks, the charge spent
0047b100	function	nova_helix	void __thiscall (Vec3 *out, float at)	The Nova Cannon's strands' helix at a point along it: radius 100, six turns a unit, 15000 long a unit from 600 ahead
0047b840	function	nova_strike_parts	void __fastcall (GameObject *object, ModelNode *node, Vec3 *from, Vec3 *to, GameObject *shooter)	The Nova Cannon's beam through a node and those hanging from it: each part whose box it meets takes the cannon's second damage times the charge against its component for each tree leaf it crosses, with a hit effect there
0047c5f0	function	bullet_fire	void __fastcall (ModelNode *node, ShpPart *part, float speed_share, char heard)	Fires one shot: takes a free record of the 200 at bullet_pool, sets its owner, fills it in (bullet_place), adds the owner's velocity times speed_share, plays the type's sound when heard, links it into the list ending at bullet_last, and sets the part's muzzle flash to end after gun_flash_ticks
0047ecd0	function	bolt_build_messon	void * __fastcall (void)	The Messon Blaster's bolt for the index in EBX: as bolt_build_laser, 5 by 5, 400 longer for each index from 40, and taking colours of its own
0047ef80	function	bolt_build_turret_lasers	void * __fastcall (int variant)	The Turret Lasers' bolt, 200 by 200 by 2400, with two diamonds across its flight drawn from the shot texture's corner: at 0.6 of its length for variant 0, the player's side's set, or 0.15 for the rest's, and at 0.85. Near until 60000, its upright quad alone until 100000
0047f600	function	bolt_build_tachyon	void * __fastcall (int *unused, int piece)	One of the Tachyon Cannon's two pieces, each a single level to 1000000: for piece 0 a star of three blades 60 wide and 1600 long (0x004ADF90), for piece 1 a square 200 across (0x0044F000) textured from the shot texture's corner
0047f730	function	bolt_build_neutron	void * __fastcall (void)	The Neutron Particle Gun's bolt: as bolt_build_laser, 80 by 80 by 1500, its upright quad alone out to 10000000, and taking colours of its own
0047f9c0	function	bolt_build_gattling_plasma	void * __fastcall (void)	The Gattling Plasma Cannon's bolt for the index in EBX: as bolt_build_laser, 40 by 40, 150 longer for each index from 200
0047fc90	function	bolt_build_vulcan	void * __fastcall (void)	The Vulcan Battery's bolt: as bolt_build_laser, 40 by 40 by 300; guns_init builds four the same
0047ff20	function	bolt_build_nova	void * __fastcall (void)	The Nova Cannon's bolt: as bolt_build_laser, 180 by 180 by 10000, its upright quad alone out to 500000; each shot draws a copy of it (levels_copy)
004801b0	function	bolt_build_allied_huge	void * __fastcall (void)	The Allied Huge Gun's shell: three squares through its centre, one in each plane, 1400 across, on alhuge, lit and added, one level at every distance
00480420	function	bolt_build_coalition_huge	void * __fastcall (void)	The Coalition Huge Gun's shell: as bolt_build_allied_huge, 3400 across, on clhuge
004786e0	function	muzzle_flash_mesh_build	void * __fastcall (void *texture)	A gun type's muzzle flash mesh, four quads on the texture given, added; guns_init builds one for each type into muzzle_flash_meshes
0047b150	function	muzzle_flash_create	void * __fastcall (ModelNode *node)	A muzzle node's flash (gunbarrelflare_Mesh): a mesh object over the flash mesh of the gun type the node's attachment names, with its own texture coordinates
0047ba80	function	muzzle_flash_draw	void __fastcall (ModelNode *node)	Readies a muzzle node's flash to be drawn: hides its frame once the tick at +0xBC has passed, else turns it as the attachment, shows the Gattling Plasma Cannon's sheet frame for frame_start, and scales it by the share of its gun type's gun_flash_ticks left, held between 0 and 1
00480690	function	nova_beams_frame	void (void)	Each frame from bullets_frame: each Nova Cannon beam past its time freed, the rest placed on their ships, the beam's blades scrolling and fading out over the last fifth, and after a full charge its 30 strands along the helix
004809e0	function	nova_beam_free	void __fastcall (int beam)	Frees a Nova Cannon beam's objects, the beam and but the first six of its strands, and marks it free
00479140	function	guns_load_shell	void __cdecl (void)	Loads the Turret Flak's shell, the first part's levels of ship type 0xB1's model (shell.shp), into both sets of bolts
00478fa0	function	bullets_free_all	void __cdecl (void)	Lets every shot go (bullet_free) and empties the list of those in flight
00478fe0	function	guns_shutdown	void __cdecl (void)	Frees what guns_init built: the particle templates, the pool of shots, both sets of bolts but the shell, the muzzle flash meshes
004adf90	function	mesh_build_star	void * __fastcall (int blades, void *texture, float radius, float half_length, float u0, float v0, float u1, float v1)	A mesh of blades through the Z axis, spread evenly over half a turn, each a quad radius wide either side and half_length long either way, with the texture span given on every blade; lit, added, and taking colours of its own
0044f000	function	mesh_build_square	void * __fastcall (char two_sided, uint flags, float width, float height)	A rectangle facing along Z, width by height, as two triangles, or four where two_sided, over the whole of its texture
004ae190	function	ship_type_first_levels	void * __fastcall (int type)	Loads a ship type's model where none of its objects has yet, counts one more object of it, and returns its first part's levels
004c4710	function	mesh_copy	void * __fastcall (void *mesh, bool polygon_flags)	Copies a mesh into one allocation with arrays of its own; with polygon_flags, or mesh flag 0x10, the copy has a flag byte for each polygon
004c4b70	function	levels_copy	void * __fastcall (void *levels)	A copy of a level set, 0x54 bytes, with a copy of each of its meshes
0049c5d0	function	particle_template_create	ParticleTemplate * __fastcall (void *pool)	A particle template, 0x50 bytes, of a pool: kind (+0), life and its spread (+4, +8), then curves over a particle's life set with particle_curve_set, the rate an emitter streams at (+0xC), the half-size (+0x18) and the red, green and blue (+0x24, +0x30, +0x3C); the pool (+0x48) and how far a burst thins with distance (+0x4C), 1
0049c180	function	particle_curve_set	void __thiscall (ParticleCurve *curve, float start, float middle, float end)	Sets a curve over a particle's life to the quadratic through start, middle and end at its beginning, halfway and its end
0049c600	function	particle_emitter_create	void * __fastcall (void *template)	A particle emitter, 0xFC bytes, of a template, born now: its life and birth (+0, +4), a frame of its own (+8), unturned, which a caller may hang off another; then the particles' direction and spread (+0xBC, +0xC8), speed and its range (+0xD4, +0xD8), what they inherit (+0xDC), the texture's span (+0xE8) and the template (+0xF8)
0049bf60	function	particles_init		Makes particle_pools and in it particle_pool, of 1000 over gunflare\partic4, and sets the sparks up (sparks_init)
0049bfb0	function	particles_reset		Frees every particle of every pool, as a mission starts or ends
0049c010	function	particles_shutdown		Frees the pools
0049c050	function	particle_pool_create	void * __fastcall (int count, void *texture, byte coordinates, byte lit, byte blend)	A pool of count particles in particle_pools, 0x10 bytes: the count, the particles (0x18 bytes each: birth, life, velocity, template), a sprite set of as many over the texture, the sprites showing all of it, and how many are used
0049c140	function	particle_pool_free		Frees a pool's particles and sprite set
0049c1c0	function	particle_emit	void __fastcall (void *emitter, int index)	Particle index born from an emitter, now: its life with a random spread, a velocity along the emitter's direction, strayed by its spread, at a random speed, turned into the world, plus what it inherits; its sprite where the emitter stands, showing the emitter's span
0049c340	function	particle_spark	void __fastcall (void *emitter)	A spark from an emitter, as fast as a particle leaves it but inheriting nothing, its velocity times 100 a second's: explosion_spark
0049c450	function	particle_burst	void __fastcall (void *emitter, int count)	Count particles from an emitter at once, into the free ones: half as many behind the camera, and fewer with distance by the template's half-size halfway through, times 150, over the distance times the template's +0x4C
0049c680	function	particle_stream	int __fastcall (void *emitter)	What an emitter sends out over the frame, by its template's rate curve in hundredths, a roll a tick, thinned as a burst is; 0 once the emitter's life is over
0049c8e0	function	particles_frame		Once a frame, after the shots: first the sparks (sparks_update); then each particle alive moves on by its velocity and takes its half-size and colour from its template's curves; the rest are hidden; each pool's set is drawn up to its last particle alive
0058a948	data	particle_pools		Ten pools, 0x10 bytes each: particle_pool, the damaged ships' smoke's three (smoke_pool_light and the next two) and two others
0058a94c	data	particle_pool		The explosions' pool, of 1000 over gunflare\partic4, added
0058a950	data	particles_ready	bool	Set once particles_init has run
00553348	data	explode_flame_template	ParticleTemplate *	The flame a blast bursts into: 500 ticks and up to 100 more, half-size 0 to 100 to 400, from yellowish white through orange to nothing
0055334c	data	explode_sparkle_template	ParticleTemplate *	The sparkle a blast leaves: 100 ticks and up to 500 more, half-size 0 to 25, white fading out
0046b240	function	explosions_init		Sets the explosions up: the debris and effect tables cleared, the particle templates the explosions use, and the frame explode_marker
005635e0	data	bolt_levels	void *[15][4]	Each gun type's bolts for the player's side, four slots a type less one, which guns_init builds and bullet_build draws the shots with
00563010	data	bolt_levels_other	void *[15][4]	Each gun type's bolts for the other sides, as bolt_levels; the same meshes but for the Turret Lasers' rings
00563108	data	muzzle_flash_meshes	void *[15]	Each gun type's muzzle flash mesh, by type less one
00563190	data	nova_beams	int[8][34]	The Nova Cannon's beams, 0x88 bytes each: the beam's object, 30 strands' objects, whether it fired full, until when it shows, and its ship
00563150	data	muzzle_flare_texture	void *	The texture matflarea3, drawn across the muzzle by every gun type's flash but the Gattling Plasma Cannon's
00563154	data	muzzle_tongue_texture	void *	The texture matflareb3, drawn down the flare by every gun type's flash but the Gattling Plasma Cannon's
00563158	data	muzzle_sheet_texture	void *	The texture gunflare\sfxalpha1, three frames the Gattling Plasma Cannon's flash plays through
00478990	function	guns_init	void __cdecl (void)	Once at start-up: empties the 200 shots, loads gun_stats, requires the shot textures and builds each gun type's bolt meshes (0x00478460 and its fellows) into the tables at 0x005635E0 on and 0x00563010 on, the first set for the friendly side and the second for the rest
00478460	function	bolt_build_laser	void * __cdecl (void)	A level set of 0x54 bytes for a bolt sized by gun type 1's record (+0x04 half width, +0x08 half height, +0x0C length): two quads crossed along the flight until 15000, one quad until 100000, drawn with gunflare\lasers added and the object's own coordinates
0047f370	function	bolt_build_proton	void * __fastcall (int variant)	The Proton Cannon's bolt, as bolt_build_laser with its size written in (50, 50, 1400) and lit by colours of the object's own
00499680	function	node_mount_muzzle	void __fastcall (ModelNode *node, ShpAttachment *attachment)	Makes the node of kind 4 a gun muzzle attachment (kind 3) stands for, placed and turned exactly as the attachment is; object_collect_guns fits a gun on it and bullet_place fires along its Z axis
00500fb0	data	gun_atlas_starts	int[15]	The texel across the shot texture where each gun type's bolt begins, by gun type less one; -1 for a type drawn otherwise
00500fec	data	gun_atlas_widths	int[15]	How many texels across each gun type's bolt spans, by gun type less one
0056317c	data	bullet_lights_player	int *[2]	The player's two latest shots, which cast a light; bullet_place puts a new one in the next slot, putting out the light of the shot it replaces
00563184	data	bullet_lights_player_next	int	The slot of bullet_lights_player the player's next shot takes, 0 or 1
00563168	data	bullet_lights_other	int *[2]	The two latest shots of every ship but the player's, which cast a light, as bullet_lights_player
00563188	data	bullet_lights_other_next	int	The slot of bullet_lights_other the next such shot takes, 0 or 1
0047a4e0	function	bullets_move	void __cdecl (void)	Every shot in flight moves on by its velocity, which simulation_step runs after objects_update
0047a510	function	bullets_frame	void __cdecl (void)	The shots in flight once a frame, from the newest back: each is drawn between its last two places and coloured by the life it has left, tested against the objects it may reach (bullet_hit), and freed once it is spent or out of life (bullet_free)
00479b40	function	bullet_hit	void __fastcall (int *bullet)	What a shot strikes between its last place and its place now, among the objects bullet_place gave it. An object is struck where the segment first crosses the sphere of its radius: with a shield up in that quadrant the shot spends itself on the shield (object_damage with the type's first damage and its second over its first), with the shield down it reaches the hull (bullet_hull_hit). A candidate the shot has flown past is dropped from its list. An object whose components are listed is walked node by node, and the component struck takes the type's second damage
00479940	function	bullet_hull_hit	void __fastcall (int *bullet, int quadrant, int slot)	A shot that has passed an object's shields: the last of the object's part nodes whose box the segment crosses decides that it hit, and the quadrant's armour takes the type's second damage; then, unless the camera is in the player's cockpit, 10 sparks of kind 2 (sparks_spray) from where it entered, in the part's frame, taken for the world
0047a3d0	function	bullet_free	void __fastcall (int *bullet)	Lets a shot go: unlinks it from the list of those in flight and frees what it was drawn with
00479b30	function	object_turns_bullets	bool __fastcall (GameObject *object, int gun_type)	Whether an object turns a shot: its spectral_shields flag. The gun type the shields are tuned to is handed over and ignored, so a ship with them on takes no damage from any shot
0047d9a0	function	bullet_build	void __fastcall (int *bullet, int side)	Gives a new shot what it is drawn with, by a switch over its gun type less one: a mesh object over the type's bolt, sprite sets for a flare, or several of each hung off a frame at offsets drawn at random for some types; the Huge Guns add a light, a particle emitter and a glow. Meshes take their own texture coordinates: the type's span across gunflare\lasers and the top half for any side but hostile, the bottom for hostile.
004798b0	function	bullet_hull_test	bool __fastcall (void *box, void *query)	The test node_hit_test calls as it descends an object's tree for bullet_hit: the query is a shot's segment, the box a tree node's in the world
0047bc90	function	bullet_candidate_test	bool __fastcall (void *box, void *query)	The test object_hit_test calls for bullet_place on an object that lists components: for a root node, whether the shot path meets its box, to walk on; for a shown part node that plays a track, or whose tree root box the path meets, adds the object and the node number at +0xFC to the shot candidates, up to 20, and walks no further into its tree
0049b6a0	function	segment_meets_box	bool __fastcall (void *object, Vec3 *from, Vec3 *to, Vec3 *min, Vec3 *max, Vec3 *point)	Whether a segment meets a box in an object's frame, the segment turned into it and over its scale, and where it enters, in that frame (bullet_hull_hit)
00563148	data	bullet_pool		The 200 shots in flight, 0xC4 bytes each: bullet_fire takes the first whose type is -1
00563144	data	bullet_last		The shot linked in last; each record holds the one before it at +0xBC and the one after at +0xC0
0047bdb0	function	bullet_place	void __fastcall (int bullet, int gun_type, ModelNode *muzzle, ModelNode *node)	Fills in a new shot: its type and the record at gun_stats, the owner's side, the muzzle's place and orientation, a velocity of Gun.speed along its nose, a life of Gun.lifetime ticks, a light, and the object it is expected to hit. A ship aiming blind aims at its target, and type 12 scatters
0047c950	function	object_step_turrets	void __fastcall (GameObject *object)	Once a frame from orders_update for a ship that is not exploding and is not docking: runs each gun's turret routine from the table at 0x500FA0, indexed by the gun's turret kind
0047c9b0	function	turret_spin_step	void __fastcall (GameObject *object, void *gun)	A spinning gun (kind 2): its barrels loop their fire track; while its trigger is held they spin up by 0.1 a tick to 4, its gun track loops at their speed and its flaps open; otherwise they spin down by 0.02 a tick, its gun track stops and its flaps shut
0047cb10	function	turret_aim_angles	bool __fastcall (float *out, GameObject *ship, Vec3 *aim, void *gun)	The yaw and pitch that turn an aimed turret toward aim, from its base in the frames of the model root and the base part; false outside the base yaw limits where unequal, the pitching part pitch limits, or the firing arc at +0x58; a Huge Gun up to 20 degrees past a pitch limit aims at it
0047cf10	function	turret_in_line	bool __fastcall (float *orientation, Vec3 *from, Vec3 *point, float radius)	Whether point lies ahead of from along the forward axis of orientation and within radius of that line, as ai_along_nose with the place given apart
0047cfa0	function	turret_aimed_track	void __fastcall (GameObject *ship, void *gun)	An aimed turret with a valid target leads it from its base, by 0.5 to 0.8 of the lead where its ECM is on, keeps the yaw and pitch still to turn toward it, and where the muzzle points from the base within twice the target radius of the aim holds its trigger a tick and plays the fire track of each part playing none; otherwise drops the target
0047d1f0	function	turret_pick_target	void __fastcall (GameObject *ship, void *gun)	The first object in slot order an aimed turret can lead and aim at: type below 0x100, not its own, not its side nor neutral, a Huge Gun only a ship listing components; a ship listing components by its first reachable component, but by a Kurgan, Antanov, Nanny or Prowler turret
0047d3d0	function	turret_aimed_step	void __fastcall (GameObject *ship, void *gun)	An aimed turret (kind 1): with a target, tracks it and turns base yaw and slot 1 and 2 pitch by what is left to turn, at most 0.02 a tick; every 100 to 199 ticks with none, picks one
0047d560	function	turret_missile_step	void __fastcall (GameObject *ship, void *gun)	A missile turret (kind 3) by its state at +0x5C: searching the object nearest ahead of its launcher in lock range, tracking and launching a Screamer one time in five each 2000 ticks, six before reloading with its launcher reload track
004b1c00	function	powerup_give	void __fastcall (int slot, int unknown, PowerUp power_up)	Hands an object a deathmatch power-up, the one named or else one by the weights at 0x005DB4C4, where the object is the player's or one is named: sets power_up, power_up_since and power_up_until and runs the record's start routine; a record flagged 2 is used at once through 0x004B1B20
00481400	function	sound_pitch_factor	float __fastcall (int quarter_tones)	What n quarter tones up or down multiply a playback rate by, 2^(n/24), from tables clamped to 96 either way
00481440	function	sound_init	uint __fastcall (int voices, int speech, int redbook, char hardware)	Starts Miles: the digital driver, a sample for each voice up to 16, the radio speech's double buffer where asked, the CD's audio where asked, and tick_timer; WinMain asks for 10 voices
00481750	function	sound_shutdown	int (void)	Ends the voices, stops the CD's audio, closes the music and shuts Miles down
004817e0	function	sound_3d_providers		Lists Miles's 3D providers, their handles at 0x00563A4C and their names at 0x00563A8C
004818a0	function	sound_3d_close	void (void)	Closes the 3D provider, releasing its 3D voices, and frees smp3d.fat (sound3d_free)
00481900	function	sound_3d_open	int __fastcall (int provider)	Opens a 3D provider by the game's number for it: 0 Miles Fast 2D Positional Audio, 1 Aureal A3D, 2 Creative Labs EAX, 3 RAD Game Tools RSX, with Dolby Surround where asked; a 3D voice for each sample it supports, up to 64; then sound3d_init
00481af0	function	sound_3d_voice_end	void __fastcall (int voice)	Ends what a 3D voice plays and frees it; the object or missile it followed has no voice left (+0xB96 to 0xFFFF)
00481ba0	function	sound_3d_end_all	void (void)	Ends every 3D voice's sound
00481bf0	function	sound_3d_update	void (void)	Once a frame: the player's engine (sound3d_engine_update), then each 3D voice freed once past its length (bytes / 441 ticks) or out of range, else placed again from the camera by what it follows
004820c0	function	sound_play_on_voice		Plays sound n of a bank on a given voice, ending what it played
00482160	function	sound_buffer_at	void __fastcall (int index, Vec3 *position, float volume)	Adds a positional sound of the first 18 slots to the frame's gathered levels in each ear, by its distance and which side of the camera it lies
004822f0	function	sound_buffers_play	void __fastcall (void *bank)	Plays each positional sound gathered this frame, slot n as sound n of the bank (bank_stdsmp), panned by its two levels and as loud as the louder, then clears them
004823d0	function	sound_voice_end	void __fastcall (int voice)	
00482410	function	sound_voice_playing	bool __fastcall (int voice)	
00482440	function	sound_voice_set_volume	void __fastcall (int voice, int volume)	A playing voice's volume, 0 to 127, scaled by Fxvolume and Mastervolume
004824c0	function	sound_voice_fade	void __fastcall (int voice, int step)	Fades a playing voice out by step every five ticks (tick_timer)
00482510	function	sound_fade_all	void __fastcall (int step)	Fades out every voice not finished
00482570	function	sound_end_all	void (void)	Ends every voice and forgets the gathered positional sounds
004825d0	function	sound_pause_all	void (void)	Stops every playing voice where it is, remembering which at 0x00563A20
00482630	function	sound_resume_all	void (void)	
00482940	function	music_playing	bool (void)	
00482960	function	music_fade_out	void __fastcall (short step)	The music's level falls by step every five ticks until the stream closes
00482990	function	sound_volumes_apply	void (void)	Sets the volumes again: the music's, each voice's still playing, and the speech sample's
00482a80	function	music_play	int __fastcall (char *path, int loops, int level, int now)	Plays a file as a Miles stream at level and loops, now, or once the music playing has faded out; a piece the table at 0x005017A0 names loops back to its own offset
00482c30	function	music_update	void (void)	Once a frame: the queued piece starts once the music has stopped
00482c70	function	music_pause	int (void)	
00482c90	function	music_resume	int (void)	
00482cd0	function	music_start	int (void)	
00482cf0	function	music_close	int (void)	
00482d10	function	sound_driver_open		Opens Miles's digital driver on the wave-out device, as PCM of the given channels, bits and rate
0049d160	function	sound3d_init	void (void)	Loads smp3d.fat, scales the 3D sounds' distances by 0.0004, gives each 3D voice its class from the row for the provider's size, and finds the engine's and the afterburner's voices
0049d310	function	sound3d_free	void (void)	
0049d330	function	sound3d_end_all	void (void)	Ends and frees every 3D voice playing
0049d360	function	sound3d_play	int __fastcall (Vec3 *at, Vec3 *facing, int owner, int sound, float volume, int unused, char class)	Plays a 3D sound of the table at 0x00507140, placed by what it follows, on a voice of its class, else one not reserved, else a borrowed one; not started beyond its maximum distance but for the engines' sounds
0049dcb0	function	sound3d_engine_sound	int (void)	The player's engine sound by its ship type: PSHIP01 on
0049dcf0	function	sound3d_engine_update	void (void)	The player's engine pitched and loudened by its throttle, the afterburner's or reverse thrust's sound while either is on and its fade after, then the fighters heard flying past the camera
0049e2f0	function	sound3d_pause	void (void)	Stops every 3D voice playing
0049e330	function	sound3d_resume	void (void)	
0049e370	function	shield_bubble_object		A shield bubble's scene object, named Shield mesh, over the finest level (flags 0x280800), its texture coordinates each vertex's x and y, scaled by the float on the stack
0049e3d0	function	sphere_mesh_create	void * __fastcall (int around, int down, float radius)	A sphere of radius on a grid of around slices and down bands: a fan round each pole and two triangles a slice between, over shield128, lit and added
0049e7d0	function	shield_bubble_update	void __fastcall (void *bubble, int ticks)	Moves a bubble on by ticks: each vertex's colour the sum of its eight hits' faded strengths through its tint's ramp, or a force field's grey flicker; then the texture swirls about the bubble's centre, which turns
0049eb00	function	shield_ramp_friendly_colour		A friendly ship's ramp colour at a strength: cyan at 0.6, dark at 1 and below 0.35, grey without a hardware renderer, times 0.07
0049ec30	function	shield_ramp_other_colour		The other sides' ramp colour at a strength: the friendly one's green and blue swapped, times 0.8 and 0.07
0049ed60	function	shield_ramp_friendly_at		The friendly ramp's colour at a strength strictly between 0 and 1, else black
0049edd0	function	shield_ramp_other_at		The other sides' ramp colour at a strength strictly between 0 and 1, else black
0049ee40	function	shield_ramps_build	void (void)	Fills both ramps, 1024 steps each
0049ee90	function	shield_levels_build	void (void)	The six levels' spheres from shield_level_grids, and their reaches by the detail
0049eef0	function	shield_levels_free	void (void)	Frees the six levels' spheres
0049ef10	function	shields_init	void (void)	The shields' textures, ramps and levels, and the capital shields' pool emptied
0049ef60	function	shields_deinit	void (void)	Frees the capital shields still showing and the levels
0049ef90	function	shield_bubble_create		A shield bubble, 0x48 bytes: kind 1, its scene object, the tick made, never struck, its texture centre at (0.3, 0.3), eight hits' strengths, and the side it glows for
0049f070	function	shield_bubble_free	void __fastcall (void *bubble)	Frees a bubble's scene object and hits
0049f0a0	function	shield_bubbles_draw	void (void)	Once a frame: each bubble struck in the last 100 ticks at the level of detail its distance gives, save the player's from its cockpit; stops at one past the last level; then the capital shields
0049f1e0	function	shield_flare	void __fastcall (GameObject *object, Vec3 *at)	A ship's shields struck at a point while any holds anything: sparks of kind 3, and the bubble's next hit by each vertex's angle from the point
0049f450	function	shield_bubble_drawn		The bubble object's callback as it is drawn: unless paused, shield_bubble_update by the ticks since its last
0049f4a0	function	capshield_flare	void __fastcall (ModelNode *node, int polygon, int side)	A capital ship's shield struck on a node's polygon: nothing on an object whose invulnerable is 5, or on a force field of one exploding; the node's slot shows 200 more ticks and becomes capshield_next, else a copy is made in capshield_next; a force field's vertices all take 1, any other's round the polygon's middle twice their share of the reach; polygons dark in the hit are marked 1
0049f790	function	capshield_create	void __fastcall (int slot, ModelNode *node, int side)	A pool slot's Capshield mesh copy of a node's finest mesh, every polygon drawn, one lit additive pass over shield128 or ffield, living 200 ticks; the side goes unread
0049f900	function	capshield_free	void __fastcall (int slot)	Frees a pool slot's copy and hits
0049f950	function	capshields_draw	void (void)	Each capital shield still showing faded and drawn, three times as bright as a bubble, swirling about (0.5, 0.5); a force field's coordinates thrown at random
0049fc70	function	part_is_force_field	bool __fastcall (void *part)	Whether a part's name holds FORCEFIELD
0049fcd0	function	force_field_mark	void __fastcall (void *node)	Sets flag 0x20 on each node of a tree whose part is a force field
004268c0	function	cosine_ease		From a to b as a share goes from 0 to 1, slow at each end: (b - a) * (cos(share * pi + pi) * 0.5 + 0.5) + a
0058cb68	data	shield_texture		shield128, which the bubbles and capital shields are drawn over
0059372c	data	force_field_texture		ffield, which a force field and a flickering bubble are drawn over
0058cb6c	data	shield_ramp_friendly		A friendly ship's bubble colours, 1024 steps of three floats
00590728	data	shield_ramp_other		The other sides' bubble colours, 1024 steps of three floats
0059375c	data	shield_levels		The six levels' sphere meshes, finest first
00593734	data	shield_level_reaches		How far from the camera each level is drawn out to, from shield_level_reaches_by_detail
00593730	data	shield_level_count	int	The levels of detail, 6
0050884c	data	shield_level_grids		Each level's slices around and bands down: 16 by 14, 12 by 10, 10 by 8, 8 by 6, 6 by 4, 4 by 4
0050887c	data	shield_level_reaches_by_detail		The six reaches for each detail: from 1250 to 40000, 2500 to 80000, 10000 to 320000
0058fb70	data	capshields		The capital shields showing, 50 of 0x3C bytes: the node, its copy, when it ends, when it last moved, eight hits, the next, a force field
00593728	data	capshield_next	int	The capital shields' pool slot the next takes
004a0310	function	shieldfx_create		What a hit leaves where it struck, 12 bytes, by kind: 2 a hull hit, an orange emitter facing out from the surface and ARMOUR01 at the point in the part's frame, or PLAYERHIT on the player's ship at most every 30 ticks; 3 a component hit, a burst of 20; 4 a grey emitter; 5 sound 71 and 0x00472780
0049fef0	function	mesh_nearest_surface		The point of a node's mesh nearest a point in the world, by each front-facing polygon's nearest point (simplex_nearest_point), and the surface's normal there
0049fd20	function	shieldfx_init	void (void)	Once: gunflare_sfxalpha1, and the orange and grey templates of what a hit leaves
0049fea0	function	shieldfx_free		Frees what a hit left, and the emitter of kinds 2 to 4
0049fec0	function	shieldfx_deinit	void (void)	Frees the two templates
004992d0	function	node_add_effect		Hangs what a hit left from the node struck, as a node of kind 6 in a free child slot; for kind 3 it first clears nearby ones and the oldest past ten, and flares a shield generator's capital shield instead
00593790	data	shieldfx_orange		The orange template of what a hit leaves: 100-tick particles growing from 50 to 100, fading from orange
0059378c	data	shieldfx_grey		The grey template of what a hit leaves: 50-tick particles growing from 25 to 50
00593794	data	player_hit_at	int	When a shot last sounded PLAYERHIT on the player's hull
00593784	data	shieldfx_ready	byte	Set once shieldfx_init has run
00593788	data	shieldfx_texture		gunflare_sfxalpha1
004c1510	function	vec3_cosine	float __fastcall (Vec3 *a, Vec3 *b)	The cosine of the angle between two vectors
00507140	data	sound3d_definitions	Sound3DDefinition[76]	The 3D sounds, closed by a record whose entry is -1
005085b4	data	sound3d_class_rows	byte[96]	Each 3D voice's class, 32 to a row: for up to 14 voices, up to 30, and more
00508614	data	sound3d_class_names		Names of the voice classes, 30 characters each
00508740	data	engine_sound_rates	int[13]	The player's engine sound's playback rate at no throttle, by ship type
00508774	data	engine_sound_rates_by_throttle	int[13]	What full throttle adds to it
005087a8	data	engine_sound_volumes	int[13]	Its volume at no throttle
005087dc	data	engine_sound_volumes_by_throttle	int[13]	What full throttle adds to it
005017a0	data	music_loops		The music's loop points: each piece's name and the byte its loop starts at
00563f60	data	sound_voices_3d	SoundVoice3D[64]	
0058cb1c	data	sound3d_classes	Sound3DClass[64]	Each 3D voice's class
0058cb04	data	sound3d_engine_state	Sound3DEngineState	
0050713c	data	sound3d_engine_changed_at	int	When the afterburner last came on or went off
00565674	data	sound_engine_voice	int	The 3D voice of class player engines
00565060	data	sound_burner_voice	int	The 3D voice of class player burners
00565684	data	sound_voice_3d_count	int	
00501798	data	sound_voice_count	int	
00563a1c	data	sound_driver	void *	Miles's digital driver
00565300	data	music_stream	HSTREAM	
00565068	data	music_level	int	The music's level, 0 to 127, which fades
00565340	data	sound_buffered	float[200]	Each positional sound's level in the left ear and the right, gathered over a frame
005d5a70	data	volume_master	int	Mastervolume, 0 to 127
005d5a74	data	volume_effects	int	Fxvolume
005d55ec	data	volume_music	int	Musicvolume
005d5e88	data	volume_speech	int	Speechvolume
0048f160	function	sound_settings_save	void (void)	Writes Fxvolume, Musicvolume, Speechvolume and Mastervolume to [Sound] of the settings file
00588334	data	armor_warned_at	int	The frame_start the player's armour last warned at: object_armor_conditions warns no more than once in 500 ticks
004a0d90	function	shockwave_init	void __fastcall (void)	Requires the ring textures rng_02, rng_03, rng_04, rng_01 and rng_06 into shockwave_textures, builds a ring over each into shockwave_meshes, and a sphere of 16 by 14 into shockwave_sphere, which nothing draws
004a0b30	function	shockwave_ring_mesh	void * __fastcall (int ring)	A ring over shockwave_textures[ring]: 8 points a unit out and 8 a tenth out about Z, 16 triangles between them, textured by how far each corner lies across and up either way, at least 1/64, coloured and added
004a16f0	function	sphere_mesh	void * __fastcall (int segments, int rings, float radius)	A sphere of the radius, segments round and rings from pole to pole, textured by 0x00593798 with generated coordinates, coloured and added
004a0e40	function	shockwave_free	void __fastcall (int slot)	Frees a shockwave's ring object and its slot
004a0e60	function	shockwave_deinit	void __fastcall (void)	Frees every shockwave, the meshes and the sphere, and releases the textures
004a0f00	function	shockwaves_update	void __fastcall (void)	Once a frame after explosions_update: each shockwave drifts by its velocity times frame_duration, its ring's colours fade from 1 to 0 over its life and it spreads to its size times how far through its life it is; as it passes the player kinds 0 to 2 raise hit_shake, 7 and 8 damage the player's quadrants through the shield reserves; 5 pushes and 6 damages other sides' ships; kind 7 is not drawn
004a15d0	function	shockwave_create	void __fastcall (Vec3 *at, float *orientation, Vec3 *velocity, int kind, float size, int life, char side, int owner)	Sets a shockwave off into the first free of shockwaves (asserting shockwave count exceeded where none is): its kind's ring, never culled and coloured by its own colours, at scale 0
005937c8	data	shockwaves		Thirty shockwaves, 0x2C bytes each: kind, ring object, velocity a tick, size, birth, life, owner, side
005937b4	data	shockwave_meshes	void *[5]	The rings shockwave_ring_mesh builds, one over each of shockwave_textures
0059379c	data	shockwave_textures	void *[5]	rng_02, rng_03, rng_04, rng_01 and rng_06
005937b0	data	shockwave_sphere	void *	The sphere shockwave_init builds, which nothing draws
00472740	function	debris_free	void __fastcall (int record)	Frees a debris record's object and its smoke emitter
004c3570	function	SR_object_concate_parents	void __fastcall (void *object)	An object's place in the world (+0x70, +0x4C) from its own (+0x3C, +0x18) and its parent's, the parents' first
004c4d50	function	scene_object_free	void __fastcall (void *object)	Unlinks an object and frees it, and its mesh or its levels' meshes where flag 0x4000 says they are its own
004a1af0	function	sparks_init	void __fastcall (void)	Builds the shape of each of the five spark kinds (spark_shape_build) and clears sparks
004a1b30	function	sparks_deinit	void __fastcall (void)	Frees the spark shapes' meshes
004a1b70	function	sparks_reset	void __fastcall (void)	Frees every spark
004a1bb0	function	sparks_update	void __fastcall (void)	Each spark past its kind's life is freed; the rest move on by velocity and carried velocity times the ticks since the last update, slow by the drag to the power of them, turn, grow or fade late by the kind's flags, and take the colour between the kind's first and last by how far through their life they are
004a1db0	function	spark_add	void __fastcall (int kind, Vec3 *at, Vec3 *carried, Vec3 *direction, float speed)	A spark of the kind in the next of sparks, freeing what was there: its shape's levels, never culled and coloured by its own colours, looking along direction, at direction times speed a tick, drifting with carried
004a1ed0	function	sparks_spray	void __fastcall (int kind, Vec3 *at, Vec3 *carried, Vec3 *direction, float speed, float spread, float speed_range, short count)	count sparks along direction turned by a random pitch and yaw within half the spread either way, at speed and up to half the range either way; kinds 2 and 3 only within 20000 of the camera
004a2010	function	spark_free	void __fastcall (int slot)	Frees a spark's object and record
004a2040	function	spark_shape_build	void __fastcall (int kind)	Kind 0: a beam of three crossed quads over alhuge, drawn out to 1500000; the rest: two quads crossed along the length over lasers, out to the look's first distance, then one quad with generated coordinates out to its second
00508a18	data	spark_looks		Five spark kinds, 0x68 bytes each: half width, half height and length, two distances, texture name, texture span, first and last colour, life, drag, three flags
00593d88	data	spark_next	byte	The slot of sparks the next spark takes
00593d8c	data	sparks_moved_at	int	The frame_start the sparks last moved on at
00593d90	data	sparks	void *[256]	The sparks flying, 0x24 bytes each: kind, object, birth, velocity a tick, carried velocity a tick
00594190	data	spark_shapes		Each spark kind's levels, 0x54 bytes each: count, distances, meshes
004018f0	function	ai_target_node	ModelNode * __fastcall (OrderTarget *target)	The node the AI aims at on a target: its component's node, the root's child 0x14 for types 0x43 and 0x49, 0x11 for 0x47, 0x13 for 0x48, else the root
00401280	function	ai_lead_aim	bool __fastcall (Vec3 *out, int slot, OrderEntry *entry, float lead)	Picks the fastest of the guns the ship fires together (its group's two, or all) and leads the target with it (ai_lead_aim_with_gun)
00401180	function	ai_lead_aim_with_gun	bool __fastcall (Vec3 *out, void *node, OrderEntry *entry, int gun, float lead)	Aims at the target's node, ahead along its heading by its speed times lead times the gun's flight time to it; false, leaving the node's place, when the flight takes a quarter of the gun's lifetime or more (three times the lifetime for the Turret Flak)
004010f0	function	ai_along_nose	bool __fastcall (void *frame, Vec3 *point, float radius)	Whether the point lies ahead of the frame and within radius of the line along its nose
00401980	function	ai_collision_course	bool __fastcall (int slot, int target, float steps, float margin, int *node, int *part)	Whether the ship is on course to hit the target within steps: within reach at both cruise speeds, the target ahead, closing by the ship's velocity less twice the target's to within both radii and the margin; against a target with components, the part it would hit
00402500	function	ai_escape_direction	void __fastcall (Vec3 *from, GameObject *object, Vec3 *out)	The way clear of a ship hull from a point: each box of the collision trees of the parts on its root within 20000 of the point pushes away from it, harder the nearer; the sum normalized
00402860	function	player_control_entry	OrderEntry * (void)	The entry of the player's orders that is Player Control, which holds the player's target, or null for none
00415270	function	player_target_set	void __fastcall (short index, short component, int unused)	Aims the player's Player Control order at an object and a component, then has the display follow it (hud_target_changed) and tells a multiplayer game (player_target_send)
004150d0	function	player_target_cycle	bool __fastcall (short next, short among, int unused)	Steps the player's target round the objects, the next where next is 1 and the previous otherwise, to one it can aim at, ejected ones included and cloaked friendly ones, not the player's: hostile within twice pick_range for among 1, friendly within it for 2, any for 0. None found leaves no target. The display follows either way. Returns whether one was found
00414f90	function	player_subtarget_cycle	bool __fastcall (short next)	Gives both forms of the target display their full time again, then for a target that lists components and is not friendly opens its form if shut and steps its component round to the next targetable one not hidden, or to none
004bb980	function	player_target_send	void (void)	Sends the player's target to the other players in a multiplayer game, message 3
004152a0	function	nav_point_next	void (void)	Takes as hud_object's nav point the first of the mission's nav points that the player's ship is still farther from than its reach, or none
0048c580	function	hud_target_changed	void (void)	Follows a change of the player's target: copies it into hud_shown_target, points hud_target_object at it while it can be aimed at, and opens its form of the target display held, closing the other; with no target closes both
00489c70	function	hud_target	void (void)	Draws the player's target in view 0. Off the screen or behind: an arrow from the middle, lines of palette 0x26 for a hostile target and 0x62 for the rest (0xB1 and 200 in software), none in the chase view, which shows chase_target_pointer instead; and a marker where a line its way leaves the screen, shapes 0x16C to 0x16F hostile or 0x170 to 0x173, with the range in font_small. On it: brackets 0x122, or 0x126 hostile, at the corners of its box as the camera sees it, dimmed by missile_lock_count; the range in font_new; and for a target that lists no components and is not friendly the lead cursor 0x12F at ai_lead_aim's point with a line toward the target, which sets hud_target_x and hud_target_y. Also marks the radio window's object (hud_comms_marker) and the nav point
00489bc0	function	hud_pointer_direction	void __fastcall (OrderTarget *target, Vec3 *way, Vec3 *across)	The unit way across and down to a target's node in hud_object's frame, turned a half round, and that way turned a quarter round more
0048b0f0	function	hud_comms_marker	void (void)	Draws shapes 0x12A to 0x12D at the corners of the object 0x0057BDF4 names, which the radio's window sets
00491520	function	hud_missile_lock	void (void)	Runs the player's missile lock: its state at 0x0057DFF0 (0 idle, 1 closing, 2 waiting out the lock time, 3 locked, 5 lost), missile_lock_count and the ticks from minus the lock time, and places the three lock_rings on the line from the camera to the target node; in the chase view adds chase_target_pointer and chase_nav_pointer to the scene. Its building sound (0x0057DFC0) never plays, and it ends 2D voice 0 every frame
004aafc0	function	line_clip	void __fastcall (void *pane, int *x0, int *y0, int *x1, int *y1)	Clips a line to a pane in whole numbers, cutting an end outside back to the edge it crosses, then keeps both ends on the screen if any of the line is on the pane, which it counts at 0x005D60DC
004a2af0	function	fonts_open	void (void)	Once: builds the remap tables text is drawn through, text_colours and the side tables among them, and opens the fonts, font_small and font_new among them
005799e8	data	hud_shown_target	OrderEntry	The player's target as the display has it, an order's entry of which only the target's index (0x005799EC) and component (0x005799EE) are set: hud_draw copies the Player Control order's target each frame, as hud_target_changed does
00569940	data	hud_target_object	GameObject *	The object the display draws as the target, while the player can aim at it, a cloaked friendly one too outside a multiplayer game; null otherwise
00566664	data	hud_under_reticle	short	The first object other than the player's within 0x20 of the middle of the screen either way, in front of the camera, which hud_target_keys finds and TARGET UNDER RETICULE takes; -1 for none
0057dfbc	data	missile_lock_count	int	The missile lock's count: 100 while no lock builds, down by the frame's ticks to 0 as one does, and back up as it is lost. hud_target draws the brackets at its hundredths of their brightness, none at a tenth or less, and shortens the lead cursor's line by 0.28 for each short of 100
00501cb4	data	pick_range	float	330000: the targeting keys reach twice as far from the player's ship
0057c260	data	hud_lead_point	Vec3	Where hud_target's lead cursor aims, which the player's guns aim at while blind fire does
0051cf38	data	nav_point_count	int	How many flyback markers the mission's script has set (SetFlybackMarker), ten at most; hud_init clears it
0051cf3c	data	nav_points	int[10]	The flyback markers' objects, nav_point_count of them, -1 for one gone
0051cf08	data	nav_point_reaches	float[10]	How far the player's ship may stray from each flyback marker before nav_point_next points it back there: SetFlybackMarker's reach
005799e4	data	chase_sight_near	void *	The chase view's near sight, a 600 square of chasetarget at full strength, which camera_chase stands 6000 ahead of the player's ship
00566780	data	chase_sight_far	void *	The chase view's far sight, a 600 square of chasetarget half grey, which camera_chase stands 12000 ahead of the player's ship
00566784	data	chase_blind_mark	void *	The chase view's mark of where blind fire aims, a 600 square, white, which hud_missile_lock stands 6000 from the ship toward hud_lead_point while blind fire aims
00566788	data	chase_pointer_roll	float	The angle hud_target turns chase_target_pointer by about the ship's nose, less half a turn: the way to the target from straight up, going round to the right
00501c50	data	hud_on	byte	While clear, hud_draw draws nothing and hud_missile_lock shows no chase view objects; hud_init sets it and nothing clears it
0057bc58	data	chase_target_pointer	void *	The chase view's pointer to the target, a scene object turned with the player's ship; bit 0 of its +0x14 hides it
005667ac	data	chase_nav_pointer	void *	The chase view's pointer to the nav point, as chase_target_pointer
0059517c	data	font_small	void **	smlfont.fnt, opened: the range by hud_target's marker at the screen's edge
0059549c	data	font_new	void **	newfont.fnt, opened: the range by hud_target's brackets
005956a0	data	text_colours	byte[256]	The remap table most of the display's text is drawn through: each index itself, but 0, which is 0xFF
005957dc	data	friendly_text_colours	byte[256]	As text_colours, with 0xF7 as 0xD7: hud_target's range for a friendly target
0059528c	data	hostile_text_colours	byte[256]	As text_colours, with 0xF7 as 0x4C: hud_target's range for a hostile target
00594648	data	neutral_text_colours	byte[256]	As text_colours: hud_target's range for a neutral target
00563160	data	ship_status_hits	byte[4]	A flag for each quadrant of the player's ship whose armour a hit wore (object_armor_damage), which hud_ship_status flashes on the schematic as shapes 1 to 4 and clears
005635d4	data	target_status_hits	byte[4]	A flag for each quadrant of the target of the player's current order whose armour a hit wore (object_armor_damage), for the target display
005883dc	data	primary_target	short[2]	The mission's primary target, the object's index then its component, -1 in both for none: SetPrimaryTarget sets it, PRIMARY TARGET makes it the player's, and mission_start clears it
00480c40	function	sprite_block	void * __fastcall (void *set, int index)	The address of block index of a loaded sprite set: its directory entry's offset from the set's start. hud_target hands palette_to_vfx the display's palette block this way
00455d40	function	comms_menu_run	void (void)	Runs the radio's menu while its window is open, which hud_target_keys calls first: by the page at 0x00529530, sets the page's title string at 0x00529FB4 and runs its keys
00474e00	function	player_friend_destroyed	void __fastcall (int told)	Sets +0x678 of the player's ship to 1, or to 2 and sends it in a multiplayer game when told is 1: object_armor_damage and component_damage call it as the player's shot destroys a friend or a friend's component
00474c80	function	friendly_fire_warning	void (float damage)	Outside a multiplayer game, adds the player's damage to a friend to 0x00562CEC; past 0x004DC5EC, at most once every 3000 ticks, a friend complains on the radio with one of four lines from ff_001.ut on, drawn with rand. Its count at 0x00562CF0 is held at 1, so the second set of lines (ff_005.ut on) never plays
00491350	function	missile_lock_possible	bool (void)	Whether the armed missile of the ring can lock on the target: one is armed, not of type 6, the target can be aimed at, the player's missiles are not disabled, outside a multiplayer game the target is hostile and the type not 0, and the target's node is within the type's range (+0x1C of its stats) and ahead of the ship
004914d0	function	missile_lock_same	bool (void)	Whether the lock building is still on the target, the component and the missile type it began on (0x0057E024, 0x0057E026, 0x0057DFB8)
0057bf40	data	hud_display_target	short	The target the target display last drew, which hud_window_close draws the closing form's picture for and hud_subtarget picks out
0056992c	data	hud_display_component	short	The subtarget the target display last drew, -1 from window 3, which hud_window_close draws the closing form's picture for
0057bdfc	data	hud_bar_pane	void *	A VFX pane the display cuts its bars into: the large target display's hull and subtarget armour bars, and the damage display's
00595490	data	hud_font	void **	blufont.fnt, opened (soft_blufont.fnt for the software renderer): the font of every line of the display's own text
00475a90	function	mission_end_record	void (void)	As a mission ends, unless the player was destroyed or quit (mission_ending 1 or 3): promotes the pilot by skull_count against rank_kills, keeps the rank for the mission, moves mission_number on, and keeps the pilot's rank, medals and skull_count (0x00562D1C to 0x00562D24) for the next mission's start
005009f4	data	rank_kills	short[9]	The kills each rank needs: 0, 35, 72, 115, 150, 200, 255, 275 and 300
00562d24	data	skull_count_kept	int	skull_count as the last mission the player came through left it, which WinMain puts back before each single-player mission
00562e64	data	mission_kills	short[28]	The pilot's kills in each mission of the campaign, by mission_number, which kills_add counts for the local player
00529c6c	data	kill_credit_on	int	While set, explode_kill_credit credits kills and has their radio lines said. A mission's start sets it (0x004560F0), and the radio's states 0x14 and 0x15 set and clear it
004934f0	function	mission_start	void (void)	A mission's start, the first of main.cpp's code: among much else it sets the rescue odds to always picked up and fits the player's ship with its devices and its cockpit
0051cf98	data	rescue_odds_rescued	int	The weight of an ejected pilot being picked up by a nanny ship, which order_eject draws from: 100 from a mission's start, and SetRescueProbabilities' first argument
0051cf90	data	rescue_odds_captured	int	The weight of an ejected pilot being picked up by the enemy: 0 from a mission's start, and SetRescueProbabilities' second argument
0051cf9c	data	rescue_odds_killed	int	The weight of an ejected pilot being killed: 0 from a mission's start, and SetRescueProbabilities' third argument
005667b8	data	radar_contacts	int	The radar's contacts, radar_contact_count of them, 20 bytes each: the dot's x and y and the height as ints, then whether hostile, the line's palette entry and whether the nav point as shorts
0056569a	data	radar_contact_count	short	The contacts in radar_contacts this frame
00501ca8	data	radar_reach	float[3]	How far each radar range reaches: 90000, 150000 and 230000
00501cb8	data	radar_scale	float[3]	The share of a unit of the world a radar pixel stands for at each range: a 150000th, a 230000th and a 330000th
0057bdf4	data	comms_object	int	The object the radio's window names, whose corners hud_comms_marker marks and whose radar contact shows in palette entry 0xFD with shape 0xE6
004cb910	function	SR_CCB_quantize_color	byte __thiscall (void *ccb, float red, float green, float blue)	The palette entry of a colour table (CCB) nearest a colour of three levels from 0 to 1
00471b20	function	explosion_spark	void __fastcall (Vec3 *at, Vec3 *velocity, float size)	Throws a small piece of debris into the next of explosion_bits, picked as explosion_bit picks one: at, flying at velocity a second, half to one and a half times size across, tumbling up to 0.05 a frame about each axis, for -100 to 300 ticks. particle_spark's, at size 0.1
004942b0	function	mission_end	void (void)	A mission's end: among much else it frees the smoke's templates and pools (smoke_templates), the debris models, the radar's backing, the samples, the speech and the cockpit object, and ends the sounds and the music
00494400	function	smoke_start	void __fastcall (GameObject *object, ShpPart *part, int child, int attachment, int level)	Starts an object's smoke again for level (smoke), from the engine glow attachment on part, the root's child: frees the old emitter, and for levels 1 to 3 hangs one from the child's frame where the attachment stands, turned as it is, its Z axis turned back where the attachment's length (+0x50) is negative, streaming along Z at 30 to 36 a tick, strayed 0.15 either way across at level 1 and 0.25 above, for 999999 ticks
004946b0	function	smoke_template_create	ParticleTemplate * __fastcall (int level)	The smoke's template for level 1 to 3 and its pool of 1000: over gunflare\partic4, added, at 1 and 2, and gunflare\partic7, premultiplied, at 3, with sparks one time in 200; living 70 to 79 ticks at 1 and 100 to 109 above; mission_start makes the three into smoke_templates
00587cb4	data	smoke_templates	ParticleTemplate *[3]	The smoke's templates for levels 1 to 3 (smoke_template_create); smoke_start reads the level's from four bytes before, so level 0 reads paused_ticks, and makes no emitter for it
00588708	data	smoke_pool_light	void *	The pool of the smoke's level 1 (smoke_template_create); smoke_pool_heavy and smoke_pool_burning follow
0058870c	data	smoke_pool_heavy	void *	The pool of the smoke's level 2
00588710	data	smoke_pool_burning	void *	The pool of the smoke's level 3
004ad480	function	install_paths_read	void (void)	Reads the install's paths from HKLM Software\Microsoft\Microsoft Games\Starlancer\1.0: PID, InstallType, CDPath with game appended (cd_path) and InstallationDirectory with a backslash (install_directory). InstallType 3, a full install, sets full_install and both discs' folders to the installation directory. Without the key or either path, the current directory stands for all of them, as a full install
004ac6c0	function	cd_in_drive	int (void)	Which disc is in the drive: 1 or 2 by which of cd1.bin and cd2.bin is in cd_path, or -1 for neither. In a full install cd_path is first set to the current disc's folder. Looks from cd_path and moves back into install_directory
0042fe00	function	cd_hog_open	void __fastcall (int disc)	Opens the disc's cd%d.hog (cd_hog) from cd_path. In a full install cd_path is first set to that disc's folder; otherwise, with the other disc in the drive (cd_in_drive), it closes the hog and waits with an overlay (0x00430110) for the disc to be changed. Can't open HOG resource file is fatal
005d62c4	data	full_install	int	Whether the hogs of both discs are read from folders of their own rather than the drive: an InstallType of 3, or no install in the registry (install_paths_read)
005d62c0	data	cd_current	int	The disc whose hog is open, 1 or 2 (cd_hog_open)
005d60ec	data	cd_path	char[256]	Where the disc's hog is read from: the drive's game folder, or in a full install the current disc's folder
005d6b38	data	install_directory	char[256]	The installation directory, with a backslash, which the game works in
005d6a28	data	cd1_folder	char[256]	In a full install, where cd1.hog is: the installation directory
005d6928	data	cd2_folder	char[256]	In a full install, where cd2.hog is: the installation directory
005202d4	data	cd_hog	void *	The open disc's cd%d.hog (cd_hog_open)
0048d820	function	menu_box_draw	void __fastcall (int x0, int y0, int x1, int y1)	Outlines a rectangle on hud_pane in direct-colour reds: top and left 205, right and bottom 102.5, and a rectangle one pixel inside at 164. The pause menu frames its dialog and key lists with it
0048d9f0	function	menu_mouse_update	void (void)	Moves menu_cursor_x and menu_cursor_y by the mouse, within the screen, puts the system cursor back near the window corner after a move, and sets menu_mouse_down, menu_mouse_pressed and menu_mouse_released from the left or right button
0048db00	function	menu_draw	int __fastcall (int count, void *shapes, MenuItem *items, MenuString title, int mouse)	Draws a pause menu title in optfnt over a red rule and count items of 0x30 bytes, each shape placed by screen fractions and offsets with its hover shape under the cursor, then each string white when highlighted, else orange; returns the item under the cursor or -1, testing none when mouse is 0
0048df20	function	pause_screen_quit	void (void)	Pause screen 0, which nothing selects: four QUIT buttons going to screens 1, 6, 5 and 7; Escape goes to 6
0048e140	function	pause_screen_debug	void (void)	Pause screen 8, which nothing reaches: lists the mission ships, sync states and globals on screen and appends them to c:\mission.txt every frame
0048e370	function	pause_session_lost	void (void)	Pause screen 9 once mission_ending is 9: a dialog saying the session was terminated for a bad connection, whose OK leaves the mission as the button is released
0048e440	function	pause_multiplayer_enter	void (void)	Entering pause screen 9: clears the scoreboard rows and lag flags, no player to drop, and makes menu_dialog_pane
0048e500	function	pause_multiplayer_exit	void (void)	Leaving pause screen 9: destroys menu_dialog_pane
0048e510	function	pause_screen_multiplayer	void (void)	Pause screen 9: PAUSED, LEAVE MISSION (7) and CONTINUE (6), the deathmatch scores with a drop button for each player lagging past 100, the message log, the chat line and who paused or why; Escape goes to 6
0048e8d0	function	pause_screen_main	void (void)	Pause screen 1: SELECT AN OPTION, icons AUDIO (3), CONTROL DEVICES (2) and VIDEO (4), buttons LEAVE MISSION (7), RESTART (5) and CONTINUE (6); Escape goes to 6
0048ec20	function	pause_audio_enter	void (void)	Entering pause screen 3: keeps the four volumes for Cancel Changes and ends any drag
0048ec70	function	pause_screen_audio	void (void)	Pause screen 3, SOUND CONFIGURATION: speech, effects, music and master sliders 0 to 127 dragged by their knobs, a test sound as the effects knob is let go, OK (1), RESTART (5), CONTINUE (6), RESET DEFAULTS and CANCEL CHANGES; Escape goes to 1
0048f230	function	pause_video_enter	void (void)	Entering pause screen 4: keeps cockpit_mode_setting and the brightness at sr + 0x15FA for Cancel Changes
0048f260	function	pause_screen_video	void (void)	Pause screen 4, GRAPHICS CONFIGURATION: a BRIGHTNESS slider 0.5 to 2 while sr + 0x38 has bit 0, DEFAULT VIEW cycling cockpit, chase and no cockpit, OK (1), RESTART (5), CONTINUE (6), RESET DEFAULTS and CANCEL CHANGES; Escape goes to 1
0048f5a0	function	video_settings_save	void (void)	Leaving pause screen 4: writes [Device] gamma, the brightness in hundredths, and [Device] View to the settings file
0048f620	function	pause_controls_enter	void (void)	Entering pause screen 2: makes its three panes, reloads the bindings (key_config_defaults, load_key_config), numbers controls_list and keeps the settings and control_bindings for Cancel Changes
0048f860	function	pause_controls_draw	int (void)	Draws pause screen 2: its items with the current check boxes and dimming, and the scrolled action and binding lists; returns the item under the cursor, 100 plus the action for a list row, or -1
0048fd60	function	pause_controls_conflict	void (void)	Pause screen 2's dialog for a key or button already bound: YES takes it from the other action, NO keeps waiting, as the button is released
0048fef0	function	pause_screen_controls	void (void)	Pause screen 2, CONTROL CONFIGURATION: controller and joystick settings, rebinding an action by clicking its row then pressing a key or joystick button, scrolling, OK (1), RESTART (5), CONTINUE (6), RESET DEFAULTS and CANCEL CHANGES; Escape goes to 1
004905c0	function	pause_controls_exit	void (void)	Leaving pause screen 2: destroys its panes and calls save_key_config
00490600	function	pause_menu_open	void (void)	As the game pauses: opens optfnt.fnt and smlfnt2.fnt from resource.hog into menu_fonts, fills menu_text_remap, starts on screen 9 in a multiplayer session or 1 otherwise, and ends the missile lock tone
004906d0	function	pause_menu_close	void (void)	As the game resumes: frees the two fonts pause_menu_open opened
004906f0	function	pause_menu_draw	void (void)	The overlay in sr + 0x88 while paused, in place of hud_draw: runs the enter routine of a new pause_screen, the screen, the leave routine of the one left, then draws the cursor, shape 0x17E of hud_shapes
00491fc0	function	mission_paused_frame	int (void)	mission_run's work for each frame while paused: music, network, keyboard, joystick, menu_mouse_update and a render, then acts on pause_screen 5 (restart), 6 (resume) or 7 (leave, mission_ending 4); nonzero ends mission_run
00480fd0	function	hud_text_wrapped	int __fastcall (void *pane, int x, int y, void **font, char *text, byte *remap, int align, int width, int line_height, int max_lines)	Draws text with hud_text in lines at most width wide, breaking at a line feed, a space, a hyphen, or mid-word with a hyphen added; returns the lines drawn
00480df0	function	font_close	void __fastcall (void **font)	Frees a font font_open made and the file it wraps
0042caa0	function	key_config_defaults	void (void)	Sets the input settings to their defaults and reads each binding from the KeyConfig section of default.txt in the installation directory
0042c630	function	save_key_config	void (void)	Writes the input settings and every binding to the KeyConfig and JoyConfig sections of starlancer.ini
0042c5f0	function	control_binding_find	int __fastcall (int except, int key, int modifier)	The action other than except bound to a key with a modifier, or -1
004baae0	function	net_send_pause	void __fastcall (bool pause)	Sends packet 0x27 to the other players: the pause flag and pause_reason
0049cfd0	function	frame_timing_hold	void __fastcall (bool hold)	Stops (1) or restarts (0) the timing of the frame's current section, nesting
004aada0	function	typed_keys_clear	void (void)	Empties the queue of typed characters at 0x005D547C
0057daa4	data	pause_screen	int	The pause menu's screen: 1 main, 2 controls, 3 audio, 4 video, 9 multiplayer, 0 and 8 unreachable; 5, 6 and 7 are outcomes mission_paused_frame acts on: restart, resume, leave
0057dabc	data	pause_screen_entered	int	The screen whose enter routine pause_menu_draw last ran; -1 as the pause opens
00502780	data	menu_cursor_x	int	The pause menu cursor across in screen pixels: 320 at start, kept between pauses
00502784	data	menu_cursor_y	int	The pause menu cursor down: 240 at start
0057daa8	data	menu_mouse_down	int	Whether the left or right mouse button is down
0057dbac	data	menu_mouse_pressed	int	Set in the paused frame a mouse button went down: what the pause screens act on
0057dac4	data	menu_mouse_released	int	Set in the paused frame the buttons went up: what the pause dialogs act on
0057dad8	data	menu_text_remap	byte[16]	The remap table pause menu text is drawn through: 0xFF for level 0 and each level 1 to 15 itself, which hud_palette_ramp colours
005202f0	data	palette_ramp_brightness	float	What hud_palette_ramp scales its ramp by: 1, or 0.5 for a dimmed item
0057da64	data	menu_fonts	void **[3]	The fonts a menu item picks by index: hud_font, smlfnt2.fnt, optfnt.fnt
0057db50	data	menu_font_large	void **	optfnt.fnt, opened: titles and icon labels
0057dac8	data	menu_font_small	void **	smlfnt2.fnt, opened: buttons, lists and dialog text
0057dba4	data	menu_font_large_file	void *	optfnt.fnt as hog_load read it
0057dab0	data	menu_font_small_file	void *	smlfnt2.fnt as hog_load read it
0057da74	data	menu_dialog_pane	void *	The VFX pane, 480 by 120 about the middle, that the pause dialogs draw into
0057da7c	data	controls_actions_pane	void *	Pause screen 2's pane of action names
0057da78	data	controls_keys_pane	void *	Pause screen 2's pane of bindings
00502940	data	audio_menu_items	MenuItem[13]	Pause screen 3's 13 menu items; the knobs' x offsets follow the volumes
00502bb0	data	video_menu_items	MenuItem[11]	Pause screen 4's 11 menu items; the knob offset and the view string are set each frame
00502dc0	data	conflict_menu_items	MenuItem[2]	YES and NO of pause screen 2's dialog
00502e20	data	controls_menu_items	MenuItem[15]	Pause screen 2's 15 menu items; check boxes and dimming are set each frame
00502788	data	session_lost_items	MenuItem[1]	The OK of pause_session_lost
005027c0	data	drop_player_items	MenuItem[8]	Pause screen 9's drop buttons, one per lagging player, at scoreboard_row_y
005027b8	data	drop_player_slot	int	The player slot whose drop button was clicked, which mission_paused_frame drops; -1 for none
0057da60	data	audio_saved_music	int	volume_music as pause screen 3 opened
0057dae8	data	audio_saved_effects	int	volume_effects as pause screen 3 opened; its low byte is also menu_text_remap's entry for level 16
0057db98	data	audio_saved_speech	int	volume_speech as pause screen 3 opened
0057dba8	data	audio_saved_master	int	volume_master as pause screen 3 opened
0057dad6	data	drag_effects	byte	Set while the effects knob, or on screen 4 the brightness knob, is dragged
0057dad4	data	drag_music	byte	Set while the music knob is dragged
0057dad5	data	drag_speech	byte	Set while the speech knob is dragged
0057dad7	data	drag_master	byte	Set while the master knob is dragged
0057c3c8	data	drag_effects_last	byte	drag_effects in the previous paused frame; its fall plays the test sound
0057db9c	data	video_saved_view	int	cockpit_mode_setting as pause screen 4 opened
0057db90	data	video_saved_brightness	float	sr + 0x15FA as pause screen 4 opened
004e75e8	data	controls_list	short[80]	Pause screen 2's rows: -1 a divider, else an action, numbered in order by pause_controls_enter; actions 0 to 72
004e5cd0	data	key_names	byte[3204]	The 89 keys pause screen 2 binds, 0x24 bytes each: a DirectInput scan code (u32) and its name
0057c3d0	data	saved_control_bindings	ControlBinding[74]	control_bindings as pause screen 2 opened
0057dacc	data	saved_joystick_invert	int	The joystick's pitch inversion as pause screen 2 opened
0057dac0	data	saved_control_mode	ControlMode	control_mode as pause screen 2 opened
0057dab4	data	saved_force_feedback	int	The force feedback setting as pause screen 2 opened
0057dad0	data	saved_hat_enabled	int	The hat setting as pause screen 2 opened
0057dab8	data	saved_twist_setting	int	The twist setting as pause screen 2 opened
0057db4c	data	saved_twist_enabled	int	Whether twist was enabled as pause screen 2 opened
0057db58	data	controls_redefining	int	The action pause screen 2 waits for a key or button for, or -1
0057db0c	data	controls_old_key	int	The binding being redefined, as it was
0057daac	data	controls_old_button	int	The joystick button of the binding being redefined, as it was
0057db14	data	controls_old_key_name	char[30]	The key name of the binding being redefined, as it was
0057dba0	data	controls_old_modifier	int	The modifier of the binding being redefined, as it was
0051d5f8	data	controls_conflict_open	int	Set while pause screen 2's dialog is up
0051d900	data	controls_conflict_text	char[256]	The dialog's text
0057da70	data	controls_conflict_action	int	The action already holding the key or button
0057da5c	data	controls_conflict_button	int	The joystick button in dispute, or -1 for a key
0057daa0	data	controls_conflict_key	int	The key in dispute
0057db54	data	controls_conflict_modifier	int	The modifier of the key in dispute
0057db5c	data	controls_conflict_key_name	char[32]	The name of the key in dispute
0057db94	data	controls_scroll	int	How far pause screen 2's list is scrolled, in pixels
0057db48	data	controls_scroll_row	int	The 15-pixel row the list settles on
0057db10	data	controls_scroll_direction	int	-1, 0 or 1 as the list scrolls. Unknown: its reader
0057daec	data	scoreboard_row_y	int[8]	Each player's row of the deathmatch scores, as 0x004AF650 draws them
0057dbb0	data	player_lagging	byte[8]	Whether each player has lagged past 100 since pause screen 9 opened
0057da80	data	drop_player_of_item	int[8]	The player slot of each drop button
005db830	data	pause_reason	int	Why a multiplayer game is paused: 0 a player paused it, 1 a bad connection; sent with the pause
00588720	data	pause_player	short	The player who paused
00529c70	data	chat_input	char[64]	The chat line being typed; game_pause empties it
00529fb8	data	chat_typing	byte	Set while a chat line is being typed
00582e88	data	pause_view_setting	int	cockpit_mode_setting as the game paused
00587cc0	data	paused_clock	uint	The clock mission_paused_frame measures frame_duration against
005d60b9	data	mission_restart	byte	Set for Restart: WinMain ends the mission and starts it again
00566644	data	missile_lock_tone	int	The voice of the missile lock tone, stdsmp sound 0x15, held while a lock is complete in view 0; -1 for none
00588734	data	mission_loaded	byte	Set from the end of mission_start to mission_end
005dc1e8	data	net_session	int	Nonzero in a multiplayer session
005ddd28	data	window_suspended	int	Set while the game's window is put away, from 0x004A8260 until input_init clears it; the message pump pauses the sound, and in a multiplayer session the mission, while it is set and the renderer runs. Unverified: what putting the window away is
004a8260	function	window_suspend	void (void)	Unverified name: where the window is full-screen (0x004F634C), saves its style and placement, changes them and sets window_suspended; then acquires the input again
00494cb0	function	missiles_init	void (void)	Once, guarded by missiles_initialised: allocates missiles (200 of 0x28) and missile_trails (200 of 0x48), marks them free, fills missile_net_ids with -1, loads the stats (stats_load_missiles) and missiletrail\mtrail2
00494d80	function	missiles_reset	void (void)	Frees every live missile's object and every trail's meshes as a mission ends, marks both pools free and empties missile_list and missile_trail_list
00495720	function	missiles_move	void (void)	The simulation step's move of each live missile, after objects_update: takes its next place, eases pitch and yaw rates toward input times turn rate by the rate inertias, turns by them, damps velocity by the inertia outside orders 0, 1 and 11, adds (1 - inertia) * throttle * max_speed along the nose, moves, and flags the root committed and unframed
00495870	function	missile_end	void __fastcall (int *missile)	Ends a missile: the voice its object holds, shockwave kind 5 for a Havoc and 6 for an Imp (50000 over 500 ticks, sparing the launcher's side), a remote id, missile_explode, detaches its trail, frees the object and the record
004959a0	function	missile_hull_test	bool __fastcall (void *box, void *query)	The test object_hit_test calls for missile_hit_components: the missile's segment against a tree box, then at a leaf the faces through tree_leaf_segment_test, keeping the point, normal and node struck
00495ac0	function	missile_hit_components	bool __fastcall (int *missile, GameObject *object)	Tests a missile's segment against the collision trees of an object that lists components, at their next places; on a hit, but for a Havoc or an Imp, marks the node (effect 3) and gives its component component_damage, then ends the missile
00495bb0	function	missile_hit_hull	bool __fastcall (int *missile, int slot, int quadrant)	A missile past an object's shields: where the segment meets the mesh box of a root child, but for a Havoc or an Imp, the quadrant's armour takes hull_damage and the part a mark (effect 2), and the missile ends. Returns 1 even when no box is met, leaving the missile undrawn for the frame
00495cf0	function	missile_collide	bool __fastcall (int *missile)	A missile's contact this frame, its drawn place to its next: each object but the launcher, spheres for those without components (the shield by object_damage, the player's only as a fore hit empties a shield reserve; missile_hit_hull with the shield below 0), collision trees for the rest (missile_hit_components); a Havoc or an Imp just ends
00496290	function	missile_launch	void __fastcall (GameObject *launcher, int rack, int target, int component, int player, int net_id)	Launches from a rack at +0x158: a new object of a pod's second model, or the hung object itself, at the hung node's world, next and drawn places; the launcher's velocity and side, the type's launch sound, one off the count, then order 0 and a trail from a pod, 1 and a trail from a rail, 11 for an emptied pod or a fuel pod; launches an emptied pod again to drop it
004967f0	function	missile_launch_turret	void __fastcall (GameObject *ship, ModelNode *launcher, int unused, int target, int component, int unused2, int unused3)	Launches a Screamer from a missile turret launcher node where the ship may launch missiles and a record is free: the Screamer pod second model, the ship side and velocity, placed at the launcher node world, next and frame places; its trail and the pod launch order; the target; no sound
00496aa0	function	missile_order_set	void __fastcall (int *missile, int order)	Allocates the missile object's order stack and state on first use, runs the order's init from missile_orders, sets it, and runs its update once
00496b10	function	missile_order_launch_init	void __fastcall (int *missile)	Init of missile orders 0 and 1: started becomes frame_start
00496b20	function	missile_order_pod_launch	void __fastcall (int *missile)	Missile order 0: throttle 2 and no steering for 50 ticks, then the type's order
00496b60	function	missile_order_rail_launch	void __fastcall (int *missile)	Missile order 1: no steering; throttle 0 with a push along its Y axis of 0.005 max_speed a tick for 25 ticks and back for 25, throttle 1 until 100, then the type's order
00496c60	function	missile_fly_straight	void __fastcall (int *missile)	Throttle 1, no pitch or yaw
00496c90	function	missile_home	void __fastcall (int *missile)	Guidance: the target node led along the target's nose by distance * speed / max_speed, or the decoy (caught within 1000); throttle by the cosine off the nose; pitch and yaw inputs from the angles less 4 times the rates, times 5.72958; a lost target, or one beyond 1000000, ends it, but a Solomon flies straight. A Vagabond may chase a cloaked target
00497f10	function	missile_order_screamer	void __fastcall (int *missile)	Missile order 2: straight for a player's outside multiplayer, else missile_home
00497f30	function	missile_order_proximity	void __fastcall (int *missile)	Missile orders 4 and 9 (Havoc, Imp): ends within 10000 of the target's root, else missile_home
00497f80	function	missile_order_solomon	void __fastcall (int *missile)	Missile order 8: without a valid target, takes the nearest of another side within 0.7 of its nose, else the nearest, among objects without components, then among components; with none flies straight; then missile_home
004983b0	function	missile_order_home	void __fastcall (int *missile)	Missile orders 3, 5, 6, 7 and 10: missile_home
004983c0	function	missile_order_jettison_init	void __fastcall (int *missile)	Init of missile order 11: started becomes frame_start and the object is pushed 50 along its Y axis
00498410	function	missile_order_jettison	void __fastcall (int *missile)	Missile order 11: no thrust or steering, ending 100 ticks on
0046e370	function	missile_explode	void __fastcall (int *missile)	A missile's blast: 50 sparkles of the sparkle template at a life spread of 200, a lit sheet fireball of 3 radii for 100 ticks, both drifting at a quarter of its velocity, and EXPLOSION01 at it among the explosions
0049bae0	function	tree_leaf_segment_test	bool __fastcall (Vec3 *from, Vec3 *to, void *leaf, Vec3 *point, Vec3 *normal, int *face)	A segment in a part's frame against a collision tree leaf: its box, then each face the segment starts in front of by no more than its length, fanned into triangles (segment_meets_triangle); the last crossed wins
004ad700	function	segment_meets_triangle	bool __fastcall (Vec3 *from, Vec3 *to, Vec3 *a, Vec3 *b, Vec3 *c, Vec3 *point)	Where a segment crosses a triangle, solved through a 3x3 inverse for the share along it and across the edges from c
0046ac50	function	eray_add	void * __fastcall (int strands, int life, float jitter, float width, uint flags)	Takes the first free of the 100 electric rays at 0x005531B0, freeing the first where all are taken, made by eray_create, with its life; order_disrupted_init plays fifteen, explode_part_burn one between each pair of points
0046ace0	function	eray_create	void * __fastcall (short strands, uint flags, float jitter, float width)	An electric ray of 0x1B0 bytes (erayfx.cpp), lit, its time dark drawn up to 1500: 17 meshes a strand named Eray Mesh (eray_segment_mesh) and a light named Eray Light reaching 10000, hanging from the first strand middle segment
0046a850	function	eray_segment_mesh		A ray segment mesh: a square across its start over highlight texture 0, then two quads crossed along Z, 400 long, over laser2, lit and added by alpha
0046aa70	function	eray_jitter		The point halfway between two of a strand 17 points, strayed at random by up to a share of their distance, then the same for each half, depth times
0046abe0	function	erays_init	void (void)	As a mission starts: laser2 into 0x005531AC, and the 100 ray slots emptied
0046ac00	function	erays_free	void (void)	Frees every electric ray
0046ac30	function	erays_update	void (void)	Once a frame (mission_frame): eray_update for each electric ray
0046adf0	function	eray_free	void __fastcall (void *ray)	Frees a ray segment objects, its light and the ray
0046ae60	function	eray_hang	void __fastcall (void *ray, void *frame)	Hangs every segment of a ray from a frame, which its ends are in
0046aea0	function	eray_colour		Colours a strand of a ray, and for the first strand its light
0046af40	function	eray_update	void __fastcall (void *ray)	A ray frame: a timed one loses the ticks since it last moved and goes at none; one whose object stands in goes; a flickering one stays lit up to 100 ticks and dark up to 1500, dimming by 0.03 a tick if it fades; while bright each strand is jittered, its segments placed and stretched between its points, and drawn with the light
005531ac	data	eray_texture		laser2, which the electric rays are drawn over
005531b0	data	erays		The 100 electric rays
005887f0	data	missiles	int *	200 missile records of 0x28: started, object, launcher, decoy, trail, stats, net player, net id, older, newer
005887f4	data	missile_list	int *	The newest live missile; they link to the older through +0x20
00503d20	data	missile_orders	void *[12][2]	The missile orders' init and update
00494e40	function	missile_trail_create	void __fastcall (int *missile, int slot, int kind, int type)	The first free trail, at the head of missile_trail_list: kind 1 follows the missile (and sets its +0x10), kind 2 an object slot; by missile_looks[type]'s pieces its side ribbons (black, at full strength), its ribbon, its plume and its glow, laid at the followed object's tail. Takes the record past the pool when every trail is taken
00495200	function	missile_trail_free	void __fastcall (int *trail)	Clears a trail's kind, frees its ribbons, plume and glow, and unlinks it
00495280	function	missile_trail_update	void __fastcall (int *trail)	The ribbon once a frame: fades each corner by frame_duration * 0.015 / (rings * 0.04); while following, lays the cursor ring at the tail at max(throttle, 0.5) times the look's colour, twisted or jittered by the look, hides the quads from it and shows those to it, and moves on 3 tail widths from the ring before; freed once faded with nothing to follow
004970a0	function	missile_trail_mesh_create	void * __fastcall (int rings)	A ribbon mesh of rings of 4 corners, each joined to the next by two crossed quads and capped across the next, over missile_trail_texture, lit and added
004974b0	function	missile_side_trails_update	void __fastcall (int *trail)	The side ribbons once a frame: fade; while following, the rings round the tail, a fifth of it and up to as much again, pushed out 0.5 to 0.8 of its half-width and turned by strand and by the turning; only the first moves the shared cursor. Once the last has faded, frees them, or the trail without a ribbon
00497450	function	missile_glow_create	void * (void)	The glow: a set of 2 sprites named MissileTrail BMO over gunflare\partic6, lit and added
00497980	function	missile_glow_update	void __fastcall (int *trail)	The glow 50 behind a missile's or a Russian torpedo's tail, its first sprite as wide as the tail and up to a sixth more at random, its second half that
00497aa0	function	missile_plume_create	void * (void)	The exhaust plume, Missilebursttrail mesh: 6 rings of 9 widening from nothing to 210 at 630 behind, over shield128, scaled by the alpha and added
00497d60	function	missile_plume_colour	void __fastcall (void *object, Vec3 *colour, float brightness)	Colours the plume's corners by nines from the first, 0.5 of the colour times brightness down to 0
00497de0	function	missile_plume_update	void __fastcall (int *trail)	The plume at a missile's tail, its axis tilted up to 0.05 either way, coloured by the look, its texture turned by 0.091 a tick
005887ec	data	missile_trails	int *	200 trail records of 0x48: look, kind, missile, slot, cursors, ribbon, side ribbons, plume, glow, last scroll, next, previous
005887f8	data	missile_trail_list	int *	The newest live trail; they link through +0x40
005887c4	data	missile_trail_texture	TextureImage *	missiletrail\mtrail2
00503958	data	missile_looks	MissileLook[11]	Each missile type's trail: its pieces, its ribbon's rings and colour, its side ribbons' and its plume's colour
00462390	function	decoys_init	void (void)	Clears countermeasures, loads ships\decoy.shp into decoy_model and makes decoy_particles: life 100 and up to 10 more, rate 50, size 50 to 100, grey from 0.25 to nothing
00462460	function	countermeasure_end	void __fastcall (int index)	Ends a countermeasure: every missile chasing it turns back to its target, and it ends in a sheet fireball of 200 over 50 ticks, drifting at its velocity
004624f0	function	decoys_free	void (void)	Frees every countermeasure and decoy_particles
00462900	function	decoys_update	void (void)	Once a frame after explosions_update: each countermeasure past its time ends; the rest turn about their Y axis by 0.01 for each tick and one more, drift by their velocity times the ticks, and stream their smoke
00540610	data	countermeasures	byte[100][36]	Countermeasures in flight: live, until, owner slot, velocity, scene object and two emitters
00541420	data	decoy_model	void *	ships\decoy.shp
00541424	data	decoy_particles	ParticleTemplate *	The countermeasures' smoke
00501c78	data	hud_beep_sounds	int[6][2]	hud_beep's sample of bank_stdsmp and volume for each sound: 15 to 20, at 60
005656b0	data	hud_missile_armed	short	The armed entry of hud_missile_ring, at six o'clock
0052a400	data	player_missiles_left	int	The ring's counts summed; nothing reads it
00569978	data	missile_empty_warned_at	int	game_ticks until which Betty says no more that the armed missile has run out as a launch is refused
00484060	function	hud_missile_ring_build	void (void)	Builds hud_missile_ring from the player's racks: an entry a type but the fuel pod, counts summed, the middle entry armed and the places round it
00412820	function	player_launch_missile	void __fastcall (int slot)	LAUNCH MISSILE: nothing with missiles disabled or jumping; the Kamov lets its launched craft go; types 1 to 5, 7 and 8 need the lock (else stdsmp 1 and, with none left, betty 0 at most once in 500 ticks); cloaked outside multiplayer drops the cloak; opens window 2 held; launches from the first rack of the armed type with a missile, at the target while locked; counts one off the ring
0057dff0	data	missile_lock_state	MissileLockState	The player's lock: 0 idle, 1 closing, 2 waiting out the lock time, 3 locked, 5 lost
0057dfec	data	missile_lock_ticks	int	From minus the armed type's lock time up while the lock builds and holds; down as it is lost
0057e000	data	missile_lock_turn	int	The ticks past the lock a lost lock kept, which turn the rings in degrees
0057dfb8	data	missile_lock_type	int	The missile type the lock began on
0057dfe4	data	missile_lock_entry	OrderEntry *	The player's Player Control entry, refreshed each frame
0057dfc8	data	missile_lock_point	Vec3	Where the lock rings close in on: the target node while the lock holds
0057dfc0	data	missile_lock_build_voice	int	The voice meant for the lock's building sound; starts 0, never -1, so the sound never plays
0057dff4	data	lock_rings	void *[3]	The lock's three ring objects over lock_ring_mesh
0057dfc4	data	lock_ring_mesh	void *	A square 256 across over tarring
00491080	function	lock_ring_mesh_create	void (void)	Makes lock_ring_mesh: one quad of 4 corners at 128 either way over tarring, its own coordinates, lit and added
004911d0	function	lock_rings_init	void (void)	Makes lock_rings, each over a quarter of tarring, and sets missile_lock_state to 0
004af190	function	player_missile_guiding	bool (void)	Whether a live missile the player launched still has a target
00539a94	data	camera_missile	int	The missile record the missile view (0x12) follows
00539a7c	data	camera_missile_gone	int	Set once the missile the missile view follows has ended
0045e500	function	object_loadout_by_tier	void __fastcall (GameObject *object, int tier)	Rack types for each missile attachment (kind 0) of the root's child parts: the attachment's id for the tier (+0x34 + 4 * tier); the player's ship in simulator mode 1 or missions 30 to 35 gets 5, 3, 1 in turn
0045e1a0	function	object_fit_missiles	void __fastcall (GameObject *object, bool multiplayer_models)	Hangs each rack's pod or missile (attachment_models kind 0, the second model in multiplayer) on the missile attachments of the root's child parts, its count from the model table; a type below 0 leaves count 0 and stops the fitting there; fatal past 20
00491320	function	lock_rings_free	void (void)	Frees the lock rings and their mesh
00456a80	function	radio_missile_warning	void (void)	While a missile homes on the player's ship in action, at most every 1000 ticks, Moose says one of plck_001 to plck_008
0041a390	function	launch_torpedo_run	void __fastcall (int slot)	A torpedo's launch: at step 2 it lets go of its tube, heard (sound 0x18), boosting at throttle 2 by motion_plain from the carrier's velocity with a torpedo's trail; 200 ticks on it flies itself, its order popped, targetable and colliding again, Launched posted
00461c40	function	camera_set_view_call	void __fastcall (int view, int object, bool force, bool unknown)	Calls camera_set_view
00494e10	function	missiles_free	void (void)	Frees the missile and trail pools and clears missiles_initialised
0057e020	data	missile_lock_target	OrderEntry	The target and component the lock began on, at +4 and +6, laid out as an order entry for ai_target_node
0057dfe8	data	missile_lock_unused	int	Counted in lock states 2, 3 and 5, capped at 90; never read
0057e014	data	lock_ring_angles	float[3]	Each lock ring's own turn this frame
0057bf50	data	enemy_lock_voice	int	stdsmp sound 0 on voice 1, played again while the enemy lock light shows; -1 for none
00562df0	data	campaign_tier	int	The tier fighters asked for tier 0 take in single player: 0, then 1 after mission 11, 2 after 19, 3 after 21
005887fc	data	missile_net_ids	int[8][200]	In a network game, each remote player's missile id to a local record, -1 for none
00588400	data	player_loadouts	byte[8][84]	The loadout screen's choice for each player slot, 0x54 bytes: the ship, then 20 rack types, -1 for none
005883b4	data	skip_briefing	byte	Set when a mission starts without its briefing and loadout; the player's ship then takes the tier's loadout
00566660	data	missile_name_voice	int	The voice Betty last said the armed missile's name on, as ROTATE MISSILES turns the ring; ended before the next
0057bf3c	data	missile_name_until	int	game_ticks + 150 as Betty says a missile's name; nothing reads it
00401f00	function	object_hull_lost	void __fastcall (GameObject *object)	Ends a ship that lists components as its hull is destroyed: its order gives way as to Explode, its stack is emptied, it is marked exploding, and Destroyed is queued for it (event_destroyed)
0046f820	function	explode_capship_component	bool __fastcall (GameObject *object, ModelNode *node)	The routine create_object gives most capital ships, bases and stations at +0x614, by the type whose stats they take: for a destroyed part of class hull, marks the ship unpowered and exploding, hides its force fields, splits it in two by its record (0x0046F480; clip planes, a shockwave, bursts), credits a Kurgan, Antanov or Gurevich to the player, ends it (object_hull_lost) and returns false; true for any other part
0046ea50	function	explode_ulysses_component	bool __fastcall (GameObject *object, ModelNode *node)	Type 0x16 routine at +0x614: marks the ship unpowered; Ulysses Top throws off an object of type 0x4B and ends the ship, Ulysses Fin one of type 0x4C with fireballs and sound 0x41; returns false
0046d090	function	explode_component_lost	void __fastcall (GameObject *object, ModelNode *root, uint link)	What the destruction of a component of assembly link sets off: first a few types extras (0x44, 0x45, 0x47, 0x48, 0x6D, 0x78, 0xA8), then each part of the assembly going up (explode_part_burst) by their radii together, 200 of the flame and sound 0xB at the root
0046ccf0	function	explode_part_burst	void __fastcall (GameObject *object, ModelNode *node, float reach)	A part going up as its component is destroyed: a lit fireball its size, a burning bit at every third of 20 points within 0.3 of its radius, and its mesh cut in four through the ship (model_slice), each quarter again in two, four, eight and two, flying off at their cuts times reach over 60 with the ship velocity, a hundredth of both a tick, for 100 to 119 ticks, toward a lit fireball where each ends; then the node children
00499bb0	function	node_forget	void __fastcall (ModelNode *node)	For a node being destroyed and those hanging from it: a turret base sets the turret kind of each of its owner guns whose base it is to -1; a part node leaves its owner components and the table at +0x518
00499cf0	function	node_free	void __fastcall (ModelNode *node)	Frees a node, after the nodes hanging from it in its holder's child list: a part's scene object at +0x0C, its capital shield and its frame; kind 3's sprites; kind 6's hit effect; any other's frame; then its children
0048ca80	function	hud_subtarget_clear	void (void)	Puts back the meshes hud_subtarget copied to pick the player subtarget out in red
0046bc00	function	split_slot_free	int __fastcall (void)	The first empty slot of the splits under way (0x0055335C), or 0 when all ten are taken
0046f480	function	split_create	void * __fastcall (GameObject *object)	Starts a capital ship splitting in two: a 0x44-byte record in a slot of 0x0055335C with split_update and split_free, the tick, its sequence (explode_sequence_find), two portals of flag 0x100, the root position, engines_disabled, the Krasnaya arms and the Boridin breakaway core taken apart, and the points of each root child point list of kind 2 in the root frame (split_point_insert)
0046f6d0	function	split_point_insert	void __fastcall (void **list, Vec3 *point, bool sorted)	Adds a point to a split list, in ascending z where sorted, else at the end; one that belongs right after the head goes before it
0046f790	function	split_points_free	void __fastcall (void *list)	Frees a split point list
0046f7b0	function	split_point_nth	void * __fastcall (void *list, int n)	The nth point of a split list, the head for n of 0 or less, or null past the end
0046f7d0	function	split_free	void __fastcall (void *record)	Frees a split portals, its point list and the record, and clears its slot
00470030	function	split_update	bool __fastcall (void *record)	Runs a split once a frame: mode 0 sweeps a cut through the points with fireballs, bits and sounds, the portals in the scene and the ship held shaking, then parts the halves; mode 1 bursts about the ship, then shows the wreck; always true, freeing itself at the end
00471d30	function	explode_sequence_find	int __fastcall (uint type)	The index of a type record in the explosion sequences (0x004FFB50, 40 of 0x2C bytes), or -1
00471d70	function	explode_flash_near	void __fastcall (GameObject *object)	Flashes the screen for 100 ticks (0x00587CC8) where the camera stands within 5 radii of the object
00494940	function	screen_flash_draw	void (void)	Once a frame (mission_frame): while flash_ticks lasts, the flash sprite white at 0.012 a tick left, at most 1, counting it down by frame_duration; in view 0 the red of hud_interference instead; drawn on layer 2 under a hardware renderer; then hud_interference_fade
00587cc8	data	flash_ticks	int	How many ticks the screen flash has left: 100 when a capital ship comes apart near the camera
00587ccc	data	flash_sprite		The sprite over the whole view that the screen flash and the red of a hit show on, untextured and added, made as a mission starts
0046ef00	function	ulysses_split_update		The Ulysses split frame: fireballs and burning bits along its top, at 0.1 bodies; at 900 ticks its end, the flash near it, and its halves burning
00471290	function	explode_part_burn	void __fastcall (int slot, char *name, bool forever, bool flickers, bool no_lights)	Sets a wreck part burning: an electric ray between each pair of its kind 1 points but the last, fading, flickering if asked, for 5000 ticks unless forever; then unless no_lights its burn lights (part_burn_lights) and smoke (part_streams)
00471470	function	part_burn_lights	void __fastcall (ModelNode *node)	A red Burn light at the first point of each kind 4 point list of the part, in 15 slots at 0x0055AD24
004715d0	function	part_streams	void __fastcall (ModelNode *node, bool forever, void *particles)	A particle stream at each point of the part kind 3 point lists, along its vertex normal, for 5000 ticks or for good, into 0x0055AD60
00471590	function	burn_light_free	void __fastcall (int slot)	Frees a burn light slot and its light
0055ad24	data	burn_lights		15 burning wrecks lights, 8 bytes each: the light, and what is left of it, fading by 0.0001 a tick and flickering between half and full
0055ad60	data	burn_streams		64 burning wrecks smoke emitters, which explosions_update streams each frame
00553350	data	wreck_smoke_template		The particle template a burning wreck streams: grey puffs 50 to 150 across over about a second
005538c0	data	big_smoke_template		The particle template of great grey puffs 1000 to 2500 across, which the Boridin breakaway streams
00472140	function	krasnaya_left_arm_off	void __fastcall (GameObject *object, ModelNode *node, int link)	Throws the Krasnaya left arm off as an object of type 0xA3 and shows its wreck parts, with fireballs and a flash
00472420	function	krasnaya_right_arm_off	void __fastcall (GameObject *object, ModelNode *node, int link)	Throws the Krasnaya right arm off as an object of type 0xA3 and shows its wreck parts, with fireballs and a flash
00473fb0	function	node_tree_stop	void __fastcall (ModelNode *node)	Sets the animation speed of a node and all under it to 0
0046acb0	function	eray_remove	void __fastcall (void *ray)	Frees an electric ray wherever it is in the 100 slots
004add50	function	node_point_group	void * __fastcall (ModelNode *node, int kind)	The point list of a kind on the node part, or null
004add90	function	node_find_named	ModelNode * __fastcall (ModelNode *node, char *name)	The first node under a node, depth first, whose part has the name
004ade20	function	node_find_link	ModelNode * __fastcall (ModelNode *node, int link)	The first node under a node whose part has the link id
004ade80	function	node_show_named	void __fastcall (ModelNode *root, char *name)	Clears the hidden flag of the node node_find_named finds
004ade90	function	node_hide_named	void __fastcall (ModelNode *root, char *name)	Sets the hidden flag of the node node_find_named finds
004adea0	function	node_clip_named	void __fastcall (ModelNode *root, char *name, void *portal)	Clips the node node_find_named finds by the portal: its frame +0xAC and frame flag 2
004adee0	function	node_tree_clip	void __fastcall (ModelNode *node, void *portal)	Clips a node and all under it by the portal; a null portal clears frame flag 2
004adf40	function	node_tree_unclip	void __fastcall (ModelNode *node)	Clears the portal of a node and all under it, leaving frame flag 2 set
0055335c	data	splits_under_way	void *[10]	The splits under way (split_create), which the Ulysses pieces share; explosions_update runs each once a frame, and object_draw darkens the engine glows of an object that has one
004ffb50	data	explode_sequences		How each capital ship type splits in two: 40 records of 0x2C bytes, by type (explode_sequence_find); make explode-tables transcribes them
004c50d0	function	portal_create	void * __fastcall (int corners, char *name)	A Surrender portal, a scene object of kind 8: corners times 0x20 plus 0xE0 bytes, turned to the identity and zeroed; the split makes planes of none (flag 0x100)
004c5150	function	scene_object_destroy	void __fastcall (void *object)	Takes a scene object out of its list and frees it
004ce9f0	function	portal_transform	int __fastcall (void *portal)	Puts a portal plane in the camera frame, its normal at +0xC8 and its point at +0xA0; sr_draw_layers runs it over the portals in the scene (list 4)
004ccf30	function	portal_clip	void __fastcall (void *portal)	Cuts the clipper polygon by a portal plane, keeping what lies on the side its normal points away from; the clipper runs it last
004c4ee0	function	sprite_set_free	void __fastcall (void *set)	Frees a sprite set
0049c670	function	particle_emitter_free	void __fastcall (void *emitter)	Frees a particle emitter
0046ba80	function	explosions_free	void __fastcall (void)	Frees the splits under way, each by its free routine, as the explosions are torn down
00415610	function	eject_init	void (void)	Makes eject_flash_template as the renderer starts: puffs of 50 to 100 ticks, growing to 100 across, from yellow to orange to nothing
004156b0	function	eject_free	void (void)	Frees eject_flash_template
0051cf94	data	eject_flash_template	ParticleTemplate *	The flash of a pilot's ejection, which eject_separate bursts 100 of at the cockpit's eject point
004156c0	function	eject_separate	void __fastcall (GameObject *object, int cockpit)	The root's child cockpit leaves the ship as the pilot's pod: the ship becomes a new object with Eject 106, tumbling, EJECT01 heard from it; the pod keeps the slot, unpowered, invulnerable, with no guns, shields or armour; a flash at the eject point, and the pod shoots out along it at 50
00456250	function	radio_say_pilot		Has a pilot say a line on the radio, from the pilot's speech file (msspeech.hog), outside a multiplayer game; the ejection's lines go through it
00456d80	function	radio_wingman_ejected		A wingman's call on the radio as its pilot ejects, and the rescue's word a thousand ticks later
004598d0	function	cmd_SetRescueProbabilities		The mission's SetRescueProbabilities: sets rescue_odds_rescued, rescue_odds_captured and rescue_odds_killed
0052a414	data	mission_over	int	Set to 1 as the camera has watched the mission's end long enough, which ends the mission
00587cd4	data	mission_showing	int	What the mission's scene shows: 0 everything, 2 a launch's cutaway without the ship launched from, 3 set by the landing orders, 4 the ejection's cutaway with only the player's pod and the cutaway slot's ship
00539a44	data	camera_cutaway	Vec3	Where the ejection's views stand off from what they watch, set by camera_set_view: view 7 the object's X axis times 5000, 0x1C half the way from the object to the player's ship, 0x1D the way from the player's ship to the object
0041bb90	function	tractors_init	void (void)	As a mission loads: no tractors in use, and tractor_texture laser2
0041bbc0	function	tractors_free	void (void)	As a mission ends: frees every tractor in use
0041d090	function	tractor_create	int __fastcall (int slot)	Takes the first free of the five tractors for the ship in slot, with its green Tractor Light on the ship's target, reaching 10000; -1 where none is free
0041d1a0	function	tractor_free	void __fastcall (int index)	Frees a tractor: its two beams, its bubble and its light
0041cbc0	function	tractor_beam_mesh		A tractor's beam, TractorBeam_Mesh: a square 100 across and three ribbons 400 long crossing on its axis, over tractor_texture, added by the alpha of its own colours, never culled (flags 0x87800)
0041ce00	function	tractor_beam_aim	void __fastcall (void *beam, int ship, int pod)	Turns a beam hanging from the ship's hull (Nanny or Antanov) to the pod, and stretches its ribbons' far corners to reach it
0041ced0	function	tractor_beam_fade	void __thiscall (float alpha)	Sets the beam in ECX as solid as alpha, 0 to 1: each quad clear at its near corners and green at its far ones
0041cf80	function	tractor_bubble_glow	void __thiscall (float brightness, float time)	Runs green waves round the bubble in ECX at time, their crests brightness times 0.05
0041d050	function	tractor_nothing	void (void)	Works out a sine and a cosine for each of three turns, and keeps nothing; Scoop Up calls it with the bubble's eased size
0051d10c	data	tractors	void *[5]	The tractors in use: two beams, a bubble and a light each
0051d120	data	tractor_texture	void *	laser2, which the tractors' beams are drawn over
004e3e1c	data	scoop_up_stage_ticks	int[9]	How long each of Scoop Up's stages lasts, in ticks: 100 for the beams coming on, 50 for them going out, 250 for the wait; 0 for the rest
00469810	function	exhaust_ships_list	void (void)	Lists, once, the ships whose engine exhaust burns (exhaust_ship_add) in exhaust_ships and exhaust_ship_count, and sets exhaust_ships_listed
004699e0	function	exhaust_ship_add	void __fastcall (int slot)	Adds the ship in slot to exhaust_ships where it lists components and has an engine glow (0x00469BC0)
00469850	function	exhaust_burn	void (void)	Once a frame under Player Control: where the player's ship stands inside the engine glows of a listed ship whose throttle is up (exhaust_depth), sets exhaust_burning, whites the view out for 100 ticks times the depth, and on a tick that divides by 7 damages it on its fore quadrant by 23 times the depth, at most 1, as a collision
00469a10	function	exhaust_depth		How deep a point stands in a node's engine glows and its children's, summed: 1 at a glow's origin to 0 at its far corner, each glow's box stretched by the ship's throttle and engines
0054ea7c	data	exhaust_burning	byte	Set while the player's ship stands in a capital ship's engine exhaust (exhaust_burn), which keeps screen_flash_draw's red away
0054ea80	data	exhaust_ships	int[400]	The slots of the ships whose engine exhaust burns (exhaust_ships_list)
0054f0c0	data	exhaust_ship_count	int	How many exhaust_ships holds
0054f0c4	data	exhaust_ships_listed	byte	Set once exhaust_ships_list has listed the ships
00469840	function	exhaust_ships_reset	void (void)	As a mission ends (mission_free): clears exhaust_ships_listed, so the ships are listed afresh
00469bc0	function	node_carries_glow	char __fastcall (void *node)	Whether a node, or one hanging from it however deep, is an engine glow (node kind 2 at +0xAC)
004ad260	function	mission_free	void (void)	As a mission ends: frees its explosions, missiles, shots, particles, electric rays and tractors, and resets the exhaust's list, among the rest
004f7288	data	chase_swings	float[7]	The chase view's swing against the ship's rates of pitch, yaw and roll, then its limits: pitch down and up, yaw either way, roll either way (camera_chase)
005099b0	data	settings_path_format	char[17]	The settings file's path after the game's directory: %sstarlancer.ini
0050a800	data	texture_cache_name	char[13]	The hardware renderers' texture cache, which renderer_start opens: tcachehw.dat
0050e1d8	data	forces_folder	char[8]	The folder load_force_effects reads the force-feedback effects from: forces\
0045b9b0	function	vm_threads_run	void (void)	Once a frame (process_mission): runs on each thread that was running as the pass began, but those InterruptTriggerCode holds
00537580	data	vm_clock_ticked	byte	Set as the clock ticks (vm_clock_tick); process_mission runs the timers once, then clears it
00537400	data	vm_timers_running	byte	Whether process_mission runs the timers; set as the script starts
00537410	data	vm_first_finished	uint	Set once the thread pool's first thread, the first start part's, finishes
004ad0a0	function	mission_load	void (void)	The loading before each mission_start: the renderer and the textures set up again, hud_init, the loading screen, then objects_reset, guns_load_shell, explosions_init and the rest of the effects' setting up
0040cbc0	function	orders_numbering_start	void (void)	From now on each order order_push pushes takes the next number as its sequence, from 0 (order_number): SetAI's orders for a group numbered in turn
0040cbe0	function	orders_numbering_stop	void (void)	Orders pushed from now on take sequence 0 again
005185a8	data	order_number	int	The sequence the next order pushed takes while orders_numbered is set
005185b1	data	orders_numbered	byte	Set while SetAI numbers the orders it gives (orders_numbering_start)
00452060	function	flight_group_index	uint __fastcall (FlightGroup *group)	Index of a flight group record, or 0xFFFF for none (0, -1 or 0xFFFF)
00452500	function	heading_degrees	float __stdcall (float x, float y)	The angle of the direction (x, y) from the Y axis round to the X axis, in degrees half a turn on, from 0 up to 360, from sr_atan2 (mission_ships_sync)
00453590	function	record_kind	ushort __fastcall (void *record)	Which of the mission's records a value names: 0 a ship's, 1 a flight group's, 2 a squad's, the place past each section's last counted in; 0xFFFF for anything else
0045d480	function	for_each_ship_walk	void __fastcall (void *entity, uint *args, VmShipCommand *callback, byte depth)	for_each_ship's walk: the callback for a ship; for each of a flight group's ships, passing over the players' while vm_command_flag is set; and for each of a squad's members in turn, a component member tagged on the first argument
0045d700	function	for_each_ship_run	void __fastcall (MissionShip *ship, uint *args, VmShipCommand *callback)	for_each_ship's work for one ship: for_each_ship_note, then the callback
0045d720	function	for_each_ship_note	void __fastcall (MissionShip *ship)	Has the ship's object name the walk's first ship at +0x698, none for the first, and counts the ship
00537418	data	for_each_ship_first	MissionShip *	The first ship the running for_each_ship has run its callback for
00537575	data	for_each_ship_count	byte	The ships the running for_each_ship has run its callback for
0045d8e0	function	vm_tag_pop	void (void)	Takes the last tag off vm_component_tag_list
00588390	data	camera_marker	short	The camera's marker, which mission_start makes at (0, 0, -8000) in the slot after the mission's ships, and the flyby and target views move about
00401cb0	function	order_target_walk	bool __fastcall (int slot, void *visit)	Hands each ship the slot's current order's target names to a routine until it returns true: the ship itself, a flight group's ships whole, a squad's by squad_walk
00401d80	function	squad_walk	bool __fastcall (int slot, uint squad, void *visit)	order_target_walk's walk of a squad: its members in turn while they are its own, a ship as the member names its component, a flight group's ships whole, a squad's own walk
00418a70	function	launches_init	void (void)	Clears the cutaway the player's launch picked, and makes the six particle emitters of the Yamato's launch
00418d80	function	launches_free	void (void)	Lets the Yamato's launch's emitters go
00418db0	function	launch_start	void __fastcall (int slot)	Has the first Launch among the ship's orders go: sets the first byte of its data. StartLaunch, the Kamov's LAUNCH MISSILE and multiplayer packets call it
00418df0	function	launch_find_gate	bool __fastcall (int slot, OrderEntry *carrier)	The search for a gate over order_target_walk: the ship becomes the carrier, its gate counted from 0, each launch point taking one off the order's number until it goes below 0
0041ae20	function	launch_reliant_init	void __fastcall (int slot)	The Reliant's launch: stands the ship between its tube's two doors, riding the Reliant's root; for the player makes the hangar in the cutaway slot laid over the tube, the ship on its retainer, the camera in the cockpit held, mission_showing 2
0041a360	function	launch_torpedo_init	void __fastcall (int slot)	A torpedo's launch: collides with nothing, and stands at its carrier's launch point by launch_attach
0041b9f0	function	launch_attach	void __fastcall (int slot, GameObject *on)	Places the ship at the launch point of an object its order's component names, its centre of mass there and turned as the point, the point's part the node it rides; launch points are attachments of kind 8, or 5 where the pod table has no model at the part's place
00461c60	function	camera_ease_to_player	void __stdcall (float share)	Eases the camera's angles by a share toward looking at the player's ship; every call gives 1
00461d00	function	camera_look_at_player	void (void)	Turns the camera to look at the player's ship
00499180	function	objectives_reset	void (void)	Every mission's first objective current, each other with a name listed
0057e05c	data	player_carrier	GameObject *	The ship the player launched from, which a launch's cutaway leaves out; once it explodes, the first Yamato. Null from the mission's start
0051d0ec	data	launch_cutaway	int	Which of three cutaways the player's launch from the Reliant shows: 1 the bay, 2 from below, 3 aside; -1 before a launch
00569934	data	launch_caption_on	int	Set while the display types out the mission's date, from the drop of the player's launch to its end
0057bf44	data	launch_caption_due	int	The game's tick after which the date shows a letter more
005799e0	data	launch_caption_shown	int	How many letters of the date show
005023d6	data	mission_dates	short[29]	The language string of each mission's date, which the launch types out: 0 for mission 0, then missions 1 to 28
004e3c98	data	launch_styles		The launch styles' routines, 24 bytes a style: init, update, two nulls, 0x00515D70 and a null
0052a1e0	data	wait_still_moving	byte	Set by WaitForJumpOrLaunch's walk where a ship still jumps, warps or launches
00468920	function	escort_marker_init	void (void)	Builds the escort point's marker as a mission runs: its mesh (escort_marker_mesh) and scene object (escort_marker)
00468ce0	function	escort_marker_free	void (void)	Frees the escort point's marker as the mission ends
00468d00	function	escort_marker_frame	void (void)	Once a frame, where the player's ship has an escort point (+0x724, SetEscortPoint): places the marker on it, drawn no farther from the camera than a set reach, pulses its colours in bands over 300 ticks, and shows it in the cockpit views
0054d100	data	escort_marker_clock	int	The ticks the escort point's marker pulses by, 0 to 299
0054d104	data	escort_marker_mesh	void *	The escort point's marker's mesh
0054d108	data	escort_marker	void *	The escort point's marker's scene object
0040aa50	function	escort_count_place	bool __fastcall (int slot, OrderTarget *target)	Escort's walk: counts the ship off the place still to go (OrderState +0x00), and once it goes below nothing takes the ship as the one to escort (+0x04)
0040ae90	function	find_target_weigh	bool __fastcall (int slot, OrderTarget *target)	Find New Target's walk: weighs a ship the searcher can aim at by the square of its distance, times the ships whose current order fights it, and mills round it, keeping the lightest to fight (+0x04) and to mill round (+0x10); never ends the walk
00401810	function	object_has_stats	bool __fastcall (int slot)	Whether the object in the slot is of a type with stats: below 0x100
00450d10	function	director_begin_shot	void __fastcall (void *path, MissionShip *tracked, float seconds, MissionShip *pace)	Begins a shot of the director's camera: the ship it looks at and the one its path rides along with, its seconds in ticks and its path's length, then its first curve
00450d90	function	director_begin_curve	void __fastcall (Curve *curve, char first)	Begins a curve of the director's path for its share of the shot's ticks, turning from its start ship's angles to its end ship's; the shot's first switches to view 13
00450f20	function	director_curve_end	void __stdcall (float t)	At t of 1 or more: CameraReached on the curve's end ship, then the curve that carries the path on, or view 0
00450fa0	function	director_frame	void (void)	The director's camera for a frame in view 13: the curve runs on, the camera stands at its point and looks at the tracked ship or turns by the angles
004510c0	function	director_progress	float10 __fastcall (void *director, Vec3 *position, float *t, void *unused, float *progress)	How far along its curve the director's camera is: places it, and posts CameraReached for a place a point marks that it passes
004511a0	function	director_place	void __fastcall (void *director, Curve *curve, float t, Vec3 *position, char exact)	Where the director's camera stands t of the way along its curve, or at its still ship, carried with the ship its path rides along with
00456f00	function	curve_weights_fill	void (void)	Fills curve_weights with the four Hermite weights at each 32nd of the way
00456f70	function	curve_point_stepped	void __fastcall (Curve *curve, Vec3 *point, float t)	A curve's point t of the way along, weighed from curve_weights at the 32nd below t
00456fb0	function	curve_axis_stepped	float10 __fastcall (Curve *curve, int axis, float t)	One component of curve_point_stepped
00457050	function	curve_point	void __fastcall (Curve *curve, Vec3 *point, float t)	A curve's point t of the way along: a cubic Hermite spline, each tangent weighed ten times
00457090	function	curve_axis	float10 __fastcall (Curve *curve, int axis, float t)	One component of curve_point
00457130	function	hermite_from	float10 __stdcall (float t)	2t^3 - 3t^2 + 1, the weight of a curve's start
00457160	function	hermite_to	float10 __stdcall (float t)	3t^2 - 2t^3, the weight of a curve's end
00457190	function	hermite_leaving	float10 __stdcall (float t)	t^3 - 2t^2 + t, the weight of a curve's leaving tangent
004571b0	function	hermite_arriving	float10 __stdcall (float t)	t^3 - t^2, the weight of a curve's arriving tangent, turned about
004571d0	function	curve_starting_at	Curve * __fastcall (MissionShip *ship)	The first curve that starts at a ship, or null
00457200	function	curve_next	Curve * __fastcall (Curve *curve, MissionShip *ship, char starting_only)	The curve that carries a path on from a ship: the first other that starts there, or unless starting_only ends there
00457250	function	curve_length	float10 __fastcall (Curve *curve)	A curve's length, over the whole of it
00457260	function	curve_length_between	float10 __fastcall (Curve *curve, float from, float to)	The sum of the chords between a curve's points at each 32nd of the way from one share to another
00457320	function	curve_path_length	float10 __fastcall (Curve *curve)	The length of the path from a curve through those that carry it on, up to one that ends at no ship
00457380	function	curves_rebuild	void (void)	Makes every curve afresh from its ships
004573b0	function	curve_rebuild	void __fastcall (Curve *curve)	Makes a curve afresh from its four ships' places, unless 0x0052A1D0 is set
00457460	function	curve_init	void __fastcall (Curve *curve, Vec3 *from, Vec3 *to)	A curve from one point to another that names no ships, with no tangents
004574a0	function	curve_ride	void __fastcall (MissionShip *ship, Vec3 *point, Vec3 *start, char still)	Carries a point of a path along with a ship: by how far start lies from where the mission placed it, and unless still by its move since
00457510	function	curve_next_marker	float10 __fastcall (Curve *curve, MissionShip **passed, float after)	The nearest share past after that a point marks on a curve, 0 for none, and the last point that marks after itself
004524e0	function	curve_index	uint __fastcall (Curve *curve)	Index of a curve record
0045ec40	function	camera_hold_ships	void __fastcall (int kind, int index, char hold)	Marks each ship of a ship, flight group or squad jumping, or lets them go: the ships a director's shot holds still
0045ead0	function	camera_hold_squad	void __fastcall (int squad, char hold)	camera_hold_ships for each member of a squad
0045f170	function	camera_shot_start	void (void)	Begins the first of the director's shots waiting: notes the ships it holds, then director_begin_shot
00461d30	function	camera_shot_stack	void __fastcall (void *path, MissionShip *tracked, float seconds, MissionShip *pace, int kind, int index)	Adds a shot for the director's camera after those waiting, and begins it where none waited
00529fc0	data	curve_weights	float[132]	The four Hermite weights at each 32nd of the way, 33 sets (curve_weights_fill)
00525210	data	director_yaw	float[2]	The yaw the director's camera turns from and to over its curve, in degrees
00525218	data	director_pitch	float[2]	The pitch the director's camera turns from and to over its curve, in degrees
00525220	data	director_curve	Curve *	The curve the director's camera flies along
00525244	data	director_tracked	MissionShip *	The ship the director's camera looks at, or null
0052524c	data	director_elapsed	uint	Ticks since the director's curve began
00525250	data	director_ticks	int	The director's shot's ticks: its seconds, whole, times 100
00525254	data	director_path_length	float	The length of the director's path
00525258	data	director_curve_ticks	int	The director's curve's share of its shot's ticks
0052525c	data	director_pace_start	Vec3	Where the ship the director's path rides along with stood as the shot began
00525268	data	director_pace	MissionShip *	The ship the director's path rides along with, or null
0052526c	data	director_next_marker	float	The share of the way along the director's curve to the next place a point marks, 0 for none
00525270	data	director_still	MissionShip *	The ship the director's camera stands at in a shot with no curve
00539940	data	camera_shots	uint[60]	The director's shots waiting, ten of 24 bytes: path, tracked ship, seconds, pace ship, and the kind and index of what it holds
00539a58	data	camera_shot_count	int	How many of the director's shots wait
00539a5c	data	camera_shot_hold_kind	int	The kind of what the first shot holds still: 0 a ship, 1 a flight group, 2 a squad
00539938	data	camera_shot_hold_index	int	The index of what the first shot holds still
00539a30	data	camera_held_kind	int	The kind of what the shot on screen holds still
00539a40	data	camera_held_index	int	The index of what the shot on screen holds still
